ISO3,DataId,Indicator,Value,Precision,DHS_CountryCode,CountryName,SurveyYear,SurveyId,IndicatorId,IndicatorOrder,IndicatorType,CharacteristicId,CharacteristicOrder,CharacteristicCategory,CharacteristicLabel,ByVariableId,ByVariableLabel,IsTotal,IsPreferred,SDRID,RegionId,SurveyYearLabel,SurveyType,DenominatorWeighted,DenominatorUnweighted,CILow,CIHigh,LevelRank
KEN,404188,Children with diarrhea,18,1,KE,Kenya,1989,KE1989DHS,CH_DIAR_C_DIA,94066010,I,1000,0,Total,Total,14000,Three years preceding the survey,1,0,CHDIARCDIA,,1989,DHS,4080,3973,,,
KEN,391160,Children with diarrhea,12.7,1,KE,Kenya,1989,KE1989DHS,CH_DIAR_C_DIA,94066010,I,1000,0,Total,Total,14001,Five years preceding the survey,1,1,CHDIARCDIA,,1989,DHS,6589,6407,,,
KEN,413135,Number of children born in the last five (or three) years,4080,0,KE,Kenya,1989,KE1989DHS,CH_DIAR_C_NUM,94066030,D,1000,0,Total,Total,14000,Three years preceding the survey,1,0,CHDIARCNUM,,1989,DHS,,3973,,,
KEN,398677,Number of children born in the last five (or three) years,6589,0,KE,Kenya,1989,KE1989DHS,CH_DIAR_C_NUM,94066030,D,1000,0,Total,Total,14001,Five years preceding the survey,1,1,CHDIARCNUM,,1989,DHS,,6407,,,
KEN,266141,Number of children born in the last five (or three) years (unweighted),3973,0,KE,Kenya,1989,KE1989DHS,CH_DIAR_C_UNW,94066040,U,1000,0,Total,Total,14000,Three years preceding the survey,1,0,CHDIARCUNW,,1989,DHS,4080,,,,
KEN,341587,Number of children born in the last five (or three) years (unweighted),6407,0,KE,Kenya,1989,KE1989DHS,CH_DIAR_C_UNW,94066040,U,1000,0,Total,Total,14001,Five years preceding the survey,1,1,CHDIARCUNW,,1989,DHS,6589,,,,
KEN,217366,Feeding practices during diarrhea: Increased amount of fluids,28.2,1,KE,Kenya,1989,KE1989DHS,CH_DIFP_C_LMR,94136010,I,1000,0,Total,Total,14000,Three years preceding the survey,1,0,CHDIFPCLMR,,1989,DHS,735,736,,,
KEN,463848,Feeding practices during diarrhea: Increased amount of fluids,28.7,1,KE,Kenya,1989,KE1989DHS,CH_DIFP_C_LMR,94136010,I,1000,0,Total,Total,14001,Five years preceding the survey,1,1,CHDIFPCLMR,,1989,DHS,838,833,,,
KEN,217326,Feeding practices during diarrhea: Same amount of fluids,71.8,1,KE,Kenya,1989,KE1989DHS,CH_DIFP_C_LSM,94136020,I,1000,0,Total,Total,14000,Three years preceding the survey,1,0,CHDIFPCLSM,,1989,DHS,735,736,,,
KEN,463854,Feeding practices during diarrhea: Same amount of fluids,71.3,1,KE,Kenya,1989,KE1989DHS,CH_DIFP_C_LSM,94136020,I,1000,0,Total,Total,14001,Five years preceding the survey,1,1,CHDIFPCLSM,,1989,DHS,838,833,,,
KEN,217329,Feeding practices during diarrhea: Total,100,1,KE,Kenya,1989,KE1989DHS,CH_DIFP_C_LTO,94136080,T,1000,0,Total,Total,14000,Three years preceding the survey,1,0,CHDIFPCLTO,,1989,DHS,735,736,,,
KEN,463849,Feeding practices during diarrhea: Total,100,1,KE,Kenya,1989,KE1989DHS,CH_DIFP_C_LTO,94136080,T,1000,0,Total,Total,14001,Five years preceding the survey,1,1,CHDIFPCLTO,,1989,DHS,838,833,,,
KEN,217327,Feeding practices during diarrhea: Increased amount of food,5.6,1,KE,Kenya,1989,KE1989DHS,CH_DIFP_C_FMR,94136090,I,1000,0,Total,Total,14000,Three years preceding the survey,1,0,CHDIFPCFMR,,1989,DHS,735,736,,,
KEN,463851,Feeding practices during diarrhea: Increased amount of food,5.8,1,KE,Kenya,1989,KE1989DHS,CH_DIFP_C_FMR,94136090,I,1000,0,Total,Total,14001,Five years preceding the survey,1,1,CHDIFPCFMR,,1989,DHS,838,833,,,
KEN,217328,Feeding practices during diarrhea: Same amount of food,94.4,1,KE,Kenya,1989,KE1989DHS,CH_DIFP_C_FSM,94136100,I,1000,0,Total,Total,14000,Three years preceding the survey,1,0,CHDIFPCFSM,,1989,DHS,735,736,,,
KEN,463853,Feeding practices during diarrhea: Same amount of food,94.2,1,KE,Kenya,1989,KE1989DHS,CH_DIFP_C_FSM,94136100,I,1000,0,Total,Total,14001,Five years preceding the survey,1,1,CHDIFPCFSM,,1989,DHS,838,833,,,
KEN,217330,Feeding practices during diarrhea: Total,100,1,KE,Kenya,1989,KE1989DHS,CH_DIFP_C_FTO,94136170,T,1000,0,Total,Total,14000,Three years preceding the survey,1,0,CHDIFPCFTO,,1989,DHS,735,736,,,
KEN,463850,Feeding practices during diarrhea: Total,100,1,KE,Kenya,1989,KE1989DHS,CH_DIFP_C_FTO,94136170,T,1000,0,Total,Total,14001,Five years preceding the survey,1,1,CHDIFPCFTO,,1989,DHS,838,833,,,
KEN,217331,Feeding practices during diarrhea: Given increased fluids and continued feeding,28.2,1,KE,Kenya,1989,KE1989DHS,CH_DIFP_C_FCF,94136180,I,1000,0,Total,Total,14000,Three years preceding the survey,1,0,CHDIFPCFCF,,1989,DHS,735,736,,,
KEN,463852,Feeding practices during diarrhea: Given increased fluids and continued feeding,28.7,1,KE,Kenya,1989,KE1989DHS,CH_DIFP_C_FCF,94136180,I,1000,0,Total,Total,14001,Five years preceding the survey,1,1,CHDIFPCFCF,,1989,DHS,838,833,,,
KEN,217332,"Feeding practices during diarrhea: Continued feeding, and ORT and/or increased fluids",69.6,1,KE,Kenya,1989,KE1989DHS,CH_DIFP_C_FAL,94136190,I,1000,0,Total,Total,14000,Three years preceding the survey,1,0,CHDIFPCFAL,,1989,DHS,735,736,,,
KEN,463855,"Feeding practices during diarrhea: Continued feeding, and ORT and/or increased fluids",70.1,1,KE,Kenya,1989,KE1989DHS,CH_DIFP_C_FAL,94136190,I,1000,0,Total,Total,14001,Five years preceding the survey,1,1,CHDIFPCFAL,,1989,DHS,838,833,,,
KEN,109119,Number of children born in the last five (or three) years who had diarrhea in the last two weeks,735,0,KE,Kenya,1989,KE1989DHS,CH_DIFP_C_NUM,94136200,D,1000,0,Total,Total,14000,Three years preceding the survey,1,0,CHDIFPCNUM,,1989,DHS,,736,,,
KEN,463856,Number of children born in the last five (or three) years who had diarrhea in the last two weeks,838,0,KE,Kenya,1989,KE1989DHS,CH_DIFP_C_NUM,94136200,D,1000,0,Total,Total,14001,Five years preceding the survey,1,1,CHDIFPCNUM,,1989,DHS,,833,,,
KEN,217363,Number of children born in the last five (or three) years who had diarrhea in the last two weeks (unweighted),736,0,KE,Kenya,1989,KE1989DHS,CH_DIFP_C_UNW,94136210,U,1000,0,Total,Total,14000,Three years preceding the survey,1,0,CHDIFPCUNW,,1989,DHS,735,,,,
KEN,109381,Number of children born in the last five (or three) years who had diarrhea in the last two weeks (unweighted),833,0,KE,Kenya,1989,KE1989DHS,CH_DIFP_C_UNW,94136210,U,1000,0,Total,Total,14001,Five years preceding the survey,1,1,CHDIFPCUNW,,1989,DHS,838,,,,
KEN,570872,Children with diarrhea,18.8,1,KE,Kenya,1993,KE1993DHS,CH_DIAR_C_DIA,94066010,I,1000,0,Total,Total,14000,Three years preceding the survey,1,0,CHDIARCDIA,,1993,DHS,3364,3370,,,
KEN,311463,Children with diarrhea,13.8,1,KE,Kenya,1993,KE1993DHS,CH_DIAR_C_DIA,94066010,I,1000,0,Total,Total,14001,Five years preceding the survey,1,1,CHDIARCDIA,,1993,DHS,5650,5642,,,
KEN,570873,Children with diarrhea with blood in the stools,3.3,1,KE,Kenya,1993,KE1993DHS,CH_DIAR_C_DIB,94066020,I,1000,0,Total,Total,14000,Three years preceding the survey,1,0,CHDIARCDIB,,1993,DHS,3364,3370,,,
KEN,311462,Children with diarrhea with blood in the stools,2.4,1,KE,Kenya,1993,KE1993DHS,CH_DIAR_C_DIB,94066020,I,1000,0,Total,Total,14001,Five years preceding the survey,1,1,CHDIARCDIB,,1993,DHS,5650,5642,,,
KEN,570875,Number of children born in the last five (or three) years,3364,0,KE,Kenya,1993,KE1993DHS,CH_DIAR_C_NUM,94066030,D,1000,0,Total,Total,14000,Three years preceding the survey,1,0,CHDIARCNUM,,1993,DHS,,3370,,,
KEN,166194,Number of children born in the last five (or three) years,5650,0,KE,Kenya,1993,KE1993DHS,CH_DIAR_C_NUM,94066030,D,1000,0,Total,Total,14001,Five years preceding the survey,1,1,CHDIARCNUM,,1993,DHS,,5642,,,
KEN,166184,Number of children born in the last five (or three) years (unweighted),3370,0,KE,Kenya,1993,KE1993DHS,CH_DIAR_C_UNW,94066040,U,1000,0,Total,Total,14000,Three years preceding the survey,1,0,CHDIARCUNW,,1993,DHS,3364,,,,
KEN,311464,Number of children born in the last five (or three) years (unweighted),5642,0,KE,Kenya,1993,KE1993DHS,CH_DIAR_C_UNW,94066040,U,1000,0,Total,Total,14001,Five years preceding the survey,1,1,CHDIARCUNW,,1993,DHS,5650,,,,
KEN,707463,Treatment of diarrhea: Advice or treatment was sought,55.9,1,KE,Kenya,1993,KE1993DHS,CH_DIAT_C_ADV,94096010,I,1000,0,Total,Total,14000,Three years preceding the survey,1,0,CHDIATCADV,,1993,DHS,632,617,,,
KEN,711543,Treatment of diarrhea: Advice or treatment was sought,55.9,1,KE,Kenya,1993,KE1993DHS,CH_DIAT_C_ADV,94096010,I,1000,0,Total,Total,14001,Five years preceding the survey,1,1,CHDIATCADV,,1993,DHS,779,756,,,
KEN,707462,Treatment of diarrhea: Oral rehydration solution (ORS),31.6,1,KE,Kenya,1993,KE1993DHS,CH_DIAT_C_ORS,94096020,I,1000,0,Total,Total,14000,Three years preceding the survey,1,0,CHDIATCORS,,1993,DHS,632,617,,,
KEN,711550,Treatment of diarrhea: Oral rehydration solution (ORS),31.6,1,KE,Kenya,1993,KE1993DHS,CH_DIAT_C_ORS,94096020,I,1000,0,Total,Total,14001,Five years preceding the survey,1,1,CHDIATCORS,,1993,DHS,779,756,,,
KEN,707464,Treatment of diarrhea: Either ORS or RHF,31.6,1,KE,Kenya,1993,KE1993DHS,CH_DIAT_C_ORT,94096040,I,1000,0,Total,Total,14000,Three years preceding the survey,1,0,CHDIATCORT,,1993,DHS,632,617,,,
KEN,711551,Treatment of diarrhea: Either ORS or RHF,31.6,1,KE,Kenya,1993,KE1993DHS,CH_DIAT_C_ORT,94096040,I,1000,0,Total,Total,14001,Five years preceding the survey,1,1,CHDIATCORT,,1993,DHS,779,756,,,
KEN,707465,Treatment of diarrhea: Increased fluids,42.2,1,KE,Kenya,1993,KE1993DHS,CH_DIAT_C_INC,94096050,I,1000,0,Total,Total,14000,Three years preceding the survey,1,0,CHDIATCINC,,1993,DHS,632,617,,,
KEN,711552,Treatment of diarrhea: Increased fluids,43.9,1,KE,Kenya,1993,KE1993DHS,CH_DIAT_C_INC,94096050,I,1000,0,Total,Total,14001,Five years preceding the survey,1,1,CHDIATCINC,,1993,DHS,779,756,,,
KEN,707466,Treatment of diarrhea: ORT or increased fluids,56,1,KE,Kenya,1993,KE1993DHS,CH_DIAT_C_ORI,94096060,I,1000,0,Total,Total,14000,Three years preceding the survey,1,0,CHDIATCORI,,1993,DHS,632,617,,,
KEN,711553,Treatment of diarrhea: ORT or increased fluids,57.4,1,KE,Kenya,1993,KE1993DHS,CH_DIAT_C_ORI,94096060,I,1000,0,Total,Total,14001,Five years preceding the survey,1,1,CHDIATCORI,,1993,DHS,779,756,,,
KEN,707449,"Treatment of diarrhea: No ORS, RHF or increased fluids",44,1,KE,Kenya,1993,KE1993DHS,CH_DIAT_C_NON,94096070,I,1000,0,Total,Total,14000,Three years preceding the survey,1,0,CHDIATCNON,,1993,DHS,632,617,,,
KEN,711546,"Treatment of diarrhea: No ORS, RHF or increased fluids",42.6,1,KE,Kenya,1993,KE1993DHS,CH_DIAT_C_NON,94096070,I,1000,0,Total,Total,14001,Five years preceding the survey,1,1,CHDIATCNON,,1993,DHS,779,756,,,
KEN,707450,Treatment of diarrhea: Antibiotics,15.6,1,KE,Kenya,1993,KE1993DHS,CH_DIAT_C_ABI,94096080,I,1000,0,Total,Total,14000,Three years preceding the survey,1,0,CHDIATCABI,,1993,DHS,632,617,,,
KEN,711544,Treatment of diarrhea: Antibiotics,16.7,1,KE,Kenya,1993,KE1993DHS,CH_DIAT_C_ABI,94096080,I,1000,0,Total,Total,14001,Five years preceding the survey,1,1,CHDIATCABI,,1993,DHS,779,756,,,
KEN,707452,Treatment of diarrhea: Intravenous solution,0.1,1,KE,Kenya,1993,KE1993DHS,CH_DIAT_C_IVS,94096110,I,1000,0,Total,Total,14000,Three years preceding the survey,1,0,CHDIATCIVS,,1993,DHS,632,617,,,
KEN,711547,Treatment of diarrhea: Intravenous solution,0.2,1,KE,Kenya,1993,KE1993DHS,CH_DIAT_C_IVS,94096110,I,1000,0,Total,Total,14001,Five years preceding the survey,1,1,CHDIATCIVS,,1993,DHS,779,756,,,
KEN,707453,Treatment of diarrhea: Home remedy - other,35.6,1,KE,Kenya,1993,KE1993DHS,CH_DIAT_C_HOM,94096130,I,1000,0,Total,Total,14000,Three years preceding the survey,1,0,CHDIATCHOM,,1993,DHS,632,617,,,
KEN,711548,Treatment of diarrhea: Home remedy - other,35.8,1,KE,Kenya,1993,KE1993DHS,CH_DIAT_C_HOM,94096130,I,1000,0,Total,Total,14001,Five years preceding the survey,1,1,CHDIATCHOM,,1993,DHS,779,756,,,
KEN,707454,Treatment of diarrhea: No treatment,19,1,KE,Kenya,1993,KE1993DHS,CH_DIAT_C_NOT,94096140,I,1000,0,Total,Total,14000,Three years preceding the survey,1,0,CHDIATCNOT,,1993,DHS,632,617,,,
KEN,711549,Treatment of diarrhea: No treatment,18.2,1,KE,Kenya,1993,KE1993DHS,CH_DIAT_C_NOT,94096140,I,1000,0,Total,Total,14001,Five years preceding the survey,1,1,CHDIATCNOT,,1993,DHS,779,756,,,
KEN,707451,Treatment of diarrhea: don't know or missing,1.6,1,KE,Kenya,1993,KE1993DHS,CH_DIAT_C_DKM,94096150,S,1000,0,Total,Total,14000,Three years preceding the survey,1,0,CHDIATCDKM,,1993,DHS,632,617,,,
KEN,711545,Treatment of diarrhea: don't know or missing,1.9,1,KE,Kenya,1993,KE1993DHS,CH_DIAT_C_DKM,94096150,S,1000,0,Total,Total,14001,Five years preceding the survey,1,1,CHDIATCDKM,,1993,DHS,779,756,,,
KEN,716041,Number of children born in the last five (or three) years,632,0,KE,Kenya,1993,KE1993DHS,CH_DIAT_C_NUM,94096160,D,1000,0,Total,Total,14000,Three years preceding the survey,1,0,CHDIATCNUM,,1993,DHS,,617,,,
KEN,711554,Number of children born in the last five (or three) years,779,0,KE,Kenya,1993,KE1993DHS,CH_DIAT_C_NUM,94096160,D,1000,0,Total,Total,14001,Five years preceding the survey,1,1,CHDIATCNUM,,1993,DHS,,756,,,
KEN,365589,Number of children born in the last five (or three) years (unweighted),617,0,KE,Kenya,1993,KE1993DHS,CH_DIAT_C_UNW,94096170,U,1000,0,Total,Total,14000,Three years preceding the survey,1,0,CHDIATCUNW,,1993,DHS,632,,,,
KEN,166202,Number of children born in the last five (or three) years (unweighted),756,0,KE,Kenya,1993,KE1993DHS,CH_DIAT_C_UNW,94096170,U,1000,0,Total,Total,14001,Five years preceding the survey,1,1,CHDIATCUNW,,1993,DHS,779,,,,
KEN,35880,Feeding practices during diarrhea: Increased amount of fluids,42.2,1,KE,Kenya,1993,KE1993DHS,CH_DIFP_C_LMR,94136010,I,1000,0,Total,Total,14000,Three years preceding the survey,1,0,CHDIFPCLMR,,1993,DHS,632,617,,,
KEN,237308,Feeding practices during diarrhea: Increased amount of fluids,43.9,1,KE,Kenya,1993,KE1993DHS,CH_DIFP_C_LMR,94136010,I,1000,0,Total,Total,14001,Five years preceding the survey,1,1,CHDIFPCLMR,,1993,DHS,779,756,,,
KEN,35870,Feeding practices during diarrhea: Same amount of fluids,40.1,1,KE,Kenya,1993,KE1993DHS,CH_DIFP_C_LSM,94136020,I,1000,0,Total,Total,14000,Three years preceding the survey,1,0,CHDIFPCLSM,,1993,DHS,632,617,,,
KEN,237309,Feeding practices during diarrhea: Same amount of fluids,39.3,1,KE,Kenya,1993,KE1993DHS,CH_DIFP_C_LSM,94136020,I,1000,0,Total,Total,14001,Five years preceding the survey,1,1,CHDIFPCLSM,,1993,DHS,779,756,,,
KEN,35871,Feeding practices during diarrhea: Decreased amount of fluids,15.3,1,KE,Kenya,1993,KE1993DHS,CH_DIFP_C_LDC,94136050,I,1000,0,Total,Total,14000,Three years preceding the survey,1,0,CHDIFPCLDC,,1993,DHS,632,617,,,
KEN,237312,Feeding practices during diarrhea: Decreased amount of fluids,14.3,1,KE,Kenya,1993,KE1993DHS,CH_DIFP_C_LDC,94136050,I,1000,0,Total,Total,14001,Five years preceding the survey,1,1,CHDIFPCLDC,,1993,DHS,779,756,,,
KEN,35896,Feeding practices during diarrhea: don't know or missing on fluids given,2.3,1,KE,Kenya,1993,KE1993DHS,CH_DIFP_C_LDK,94136070,S,1000,0,Total,Total,14000,Three years preceding the survey,1,0,CHDIFPCLDK,,1993,DHS,632,617,,,
KEN,237311,Feeding practices during diarrhea: don't know or missing on fluids given,2.5,1,KE,Kenya,1993,KE1993DHS,CH_DIFP_C_LDK,94136070,S,1000,0,Total,Total,14001,Five years preceding the survey,1,1,CHDIFPCLDK,,1993,DHS,779,756,,,
KEN,35881,Feeding practices during diarrhea: Total,100,1,KE,Kenya,1993,KE1993DHS,CH_DIFP_C_LTO,94136080,T,1000,0,Total,Total,14000,Three years preceding the survey,1,0,CHDIFPCLTO,,1993,DHS,632,617,,,
KEN,237313,Feeding practices during diarrhea: Total,100,1,KE,Kenya,1993,KE1993DHS,CH_DIFP_C_LTO,94136080,T,1000,0,Total,Total,14001,Five years preceding the survey,1,1,CHDIFPCLTO,,1993,DHS,779,756,,,
KEN,35879,Number of children born in the last five (or three) years who had diarrhea in the last two weeks,632,0,KE,Kenya,1993,KE1993DHS,CH_DIFP_C_NUM,94136200,D,1000,0,Total,Total,14000,Three years preceding the survey,1,0,CHDIFPCNUM,,1993,DHS,,617,,,
KEN,35802,Number of children born in the last five (or three) years who had diarrhea in the last two weeks,779,0,KE,Kenya,1993,KE1993DHS,CH_DIFP_C_NUM,94136200,D,1000,0,Total,Total,14001,Five years preceding the survey,1,1,CHDIFPCNUM,,1993,DHS,,756,,,
KEN,35946,Number of children born in the last five (or three) years who had diarrhea in the last two weeks (unweighted),617,0,KE,Kenya,1993,KE1993DHS,CH_DIFP_C_UNW,94136210,U,1000,0,Total,Total,14000,Three years preceding the survey,1,0,CHDIFPCUNW,,1993,DHS,632,,,,
KEN,237300,Number of children born in the last five (or three) years who had diarrhea in the last two weeks (unweighted),756,0,KE,Kenya,1993,KE1993DHS,CH_DIFP_C_UNW,94136210,U,1000,0,Total,Total,14001,Five years preceding the survey,1,1,CHDIFPCUNW,,1993,DHS,779,,,,
KEN,606803,Knowledge of ORS,73.1,1,KE,Kenya,1993,KE1993DHS,CH_KORS_W_ORS,94163010,I,1000,0,Total,Total,14000,Three years preceding the survey,1,0,CHKORSWORS,,1993,DHS,3103,3080,,,
KEN,446896,Knowledge of ORS,74,1,KE,Kenya,1993,KE1993DHS,CH_KORS_W_ORS,94163010,I,1000,0,Total,Total,14001,Five years preceding the survey,1,1,CHKORSWORS,,1993,DHS,3936,3904,,,
KEN,611667,Number of women with a live birth in the last five years,3103,0,KE,Kenya,1993,KE1993DHS,CH_KORS_W_NUM,94163020,D,1000,0,Total,Total,14000,Three years preceding the survey,1,0,CHKORSWNUM,,1993,DHS,,3080,,,
KEN,446895,Number of women with a live birth in the last five years,3936,0,KE,Kenya,1993,KE1993DHS,CH_KORS_W_NUM,94163020,D,1000,0,Total,Total,14001,Five years preceding the survey,1,1,CHKORSWNUM,,1993,DHS,,3904,,,
KEN,166308,Number of women with a live birth in the last five years (unweighted),3080,0,KE,Kenya,1993,KE1993DHS,CH_KORS_W_UNW,94163030,U,1000,0,Total,Total,14000,Three years preceding the survey,1,0,CHKORSWUNW,,1993,DHS,,,,,
KEN,166310,Number of women with a live birth in the last five years (unweighted),3904,0,KE,Kenya,1993,KE1993DHS,CH_KORS_W_UNW,94163030,U,1000,0,Total,Total,14001,Five years preceding the survey,1,1,CHKORSWUNW,,1993,DHS,,,,,
KEN,31880,Children with diarrhea,17.1,1,KE,Kenya,1998,KE1998DHS,CH_DIAR_C_DIA,94066010,I,1000,0,Total,Total,14000,Three years preceding the survey,1,0,CHDIARCDIA,,1998,DHS,3205,3275,,,
KEN,31879,Children with diarrhea with blood in the stools,3,1,KE,Kenya,1998,KE1998DHS,CH_DIAR_C_DIB,94066020,I,1000,0,Total,Total,14000,Three years preceding the survey,1,0,CHDIARCDIB,,1998,DHS,3205,3275,,,
KEN,166304,Number of children born in the last five (or three) years,3205,0,KE,Kenya,1998,KE1998DHS,CH_DIAR_C_NUM,94066030,D,1000,0,Total,Total,14000,Three years preceding the survey,1,0,CHDIARCNUM,,1998,DHS,,3275,,,
KEN,31878,Number of children born in the last five (or three) years (unweighted),3275,0,KE,Kenya,1998,KE1998DHS,CH_DIAR_C_UNW,94066040,U,1000,0,Total,Total,14000,Three years preceding the survey,1,0,CHDIARCUNW,,1998,DHS,3205,,,,
KEN,217720,Treatment of diarrhea: Advice or treatment was sought,54,1,KE,Kenya,1998,KE1998DHS,CH_DIAT_C_ADV,94096010,I,1000,0,Total,Total,14000,Three years preceding the survey,1,0,CHDIATCADV,,1998,DHS,549,538,,,
KEN,217714,Treatment of diarrhea: Oral rehydration solution (ORS),36.9,1,KE,Kenya,1998,KE1998DHS,CH_DIAT_C_ORS,94096020,I,1000,0,Total,Total,14000,Three years preceding the survey,1,0,CHDIATCORS,,1998,DHS,549,538,,,
KEN,217715,Treatment of diarrhea: Recommended home fluids (RHF) at home,56.5,1,KE,Kenya,1998,KE1998DHS,CH_DIAT_C_RHF,94096030,I,1000,0,Total,Total,14000,Three years preceding the survey,1,0,CHDIATCRHF,,1998,DHS,549,538,,,
KEN,217716,Treatment of diarrhea: Either ORS or RHF,68.7,1,KE,Kenya,1998,KE1998DHS,CH_DIAT_C_ORT,94096040,I,1000,0,Total,Total,14000,Three years preceding the survey,1,0,CHDIATCORT,,1998,DHS,549,538,,,
KEN,217723,Treatment of diarrhea: Increased fluids,54.4,1,KE,Kenya,1998,KE1998DHS,CH_DIAT_C_INC,94096050,I,1000,0,Total,Total,14000,Three years preceding the survey,1,0,CHDIATCINC,,1998,DHS,549,538,,,
KEN,217724,Treatment of diarrhea: ORT or increased fluids,82,1,KE,Kenya,1998,KE1998DHS,CH_DIAT_C_ORI,94096060,I,1000,0,Total,Total,14000,Three years preceding the survey,1,0,CHDIATCORI,,1998,DHS,549,538,,,
KEN,217721,"Treatment of diarrhea: No ORS, RHF or increased fluids",18,1,KE,Kenya,1998,KE1998DHS,CH_DIAT_C_NON,94096070,I,1000,0,Total,Total,14000,Three years preceding the survey,1,0,CHDIATCNON,,1998,DHS,549,538,,,
KEN,217717,Treatment of diarrhea: Intravenous solution,2.7,1,KE,Kenya,1998,KE1998DHS,CH_DIAT_C_IVS,94096110,I,1000,0,Total,Total,14000,Three years preceding the survey,1,0,CHDIATCIVS,,1998,DHS,549,538,,,
KEN,217718,Treatment of diarrhea: Home remedy - other,47,1,KE,Kenya,1998,KE1998DHS,CH_DIAT_C_HOM,94096130,I,1000,0,Total,Total,14000,Three years preceding the survey,1,0,CHDIATCHOM,,1998,DHS,549,538,,,
KEN,217722,Treatment of diarrhea: No treatment,9.5,1,KE,Kenya,1998,KE1998DHS,CH_DIAT_C_NOT,94096140,I,1000,0,Total,Total,14000,Three years preceding the survey,1,0,CHDIATCNOT,,1998,DHS,549,538,,,
KEN,217725,Treatment of diarrhea: don't know or missing,0.2,1,KE,Kenya,1998,KE1998DHS,CH_DIAT_C_DKM,94096150,S,1000,0,Total,Total,14000,Three years preceding the survey,1,0,CHDIATCDKM,,1998,DHS,549,538,,,
KEN,166302,Number of children born in the last five (or three) years,549,0,KE,Kenya,1998,KE1998DHS,CH_DIAT_C_NUM,94096160,D,1000,0,Total,Total,14000,Three years preceding the survey,1,0,CHDIATCNUM,,1998,DHS,,538,,,
KEN,217736,Number of children born in the last five (or three) years (unweighted),538,0,KE,Kenya,1998,KE1998DHS,CH_DIAT_C_UNW,94096170,U,1000,0,Total,Total,14000,Three years preceding the survey,1,0,CHDIATCUNW,,1998,DHS,549,,,,
KEN,584566,Feeding practices during diarrhea: Increased amount of fluids,54.4,1,KE,Kenya,1998,KE1998DHS,CH_DIFP_C_LMR,94136010,I,1000,0,Total,Total,14000,Three years preceding the survey,1,0,CHDIFPCLMR,,1998,DHS,549,538,,,
KEN,584571,Feeding practices during diarrhea: Same amount of fluids,27.9,1,KE,Kenya,1998,KE1998DHS,CH_DIFP_C_LSM,94136020,I,1000,0,Total,Total,14000,Three years preceding the survey,1,0,CHDIFPCLSM,,1998,DHS,549,538,,,
KEN,584572,Feeding practices during diarrhea: Decreased amount of fluids,16.8,1,KE,Kenya,1998,KE1998DHS,CH_DIFP_C_LDC,94136050,I,1000,0,Total,Total,14000,Three years preceding the survey,1,0,CHDIFPCLDC,,1998,DHS,549,538,,,
KEN,584574,Feeding practices during diarrhea: don't know or missing on fluids given,0.9,1,KE,Kenya,1998,KE1998DHS,CH_DIFP_C_LDK,94136070,S,1000,0,Total,Total,14000,Three years preceding the survey,1,0,CHDIFPCLDK,,1998,DHS,549,538,,,
KEN,584567,Feeding practices during diarrhea: Total,100,1,KE,Kenya,1998,KE1998DHS,CH_DIFP_C_LTO,94136080,T,1000,0,Total,Total,14000,Three years preceding the survey,1,0,CHDIFPCLTO,,1998,DHS,549,538,,,
KEN,584575,Feeding practices during diarrhea: Increased amount of food,17.1,1,KE,Kenya,1998,KE1998DHS,CH_DIFP_C_FMR,94136090,I,1000,0,Total,Total,14000,Three years preceding the survey,1,0,CHDIFPCFMR,,1998,DHS,549,538,,,
KEN,584568,Feeding practices during diarrhea: Same amount of food,35.2,1,KE,Kenya,1998,KE1998DHS,CH_DIFP_C_FSM,94136100,I,1000,0,Total,Total,14000,Three years preceding the survey,1,0,CHDIFPCFSM,,1998,DHS,549,538,,,
KEN,584569,Feeding practices during diarrhea: Decreased amount of food,46.4,1,KE,Kenya,1998,KE1998DHS,CH_DIFP_C_FDC,94136130,I,1000,0,Total,Total,14000,Three years preceding the survey,1,0,CHDIFPCFDC,,1998,DHS,549,538,,,
KEN,584576,Feeding practices during diarrhea: don't know or missing on food given,1.3,1,KE,Kenya,1998,KE1998DHS,CH_DIFP_C_FDK,94136160,S,1000,0,Total,Total,14000,Three years preceding the survey,1,0,CHDIFPCFDK,,1998,DHS,549,538,,,
KEN,584570,Feeding practices during diarrhea: Total,100,1,KE,Kenya,1998,KE1998DHS,CH_DIFP_C_FTO,94136170,T,1000,0,Total,Total,14000,Three years preceding the survey,1,0,CHDIFPCFTO,,1998,DHS,549,538,,,
KEN,584577,Feeding practices during diarrhea: Given increased fluids and continued feeding,29.8,1,KE,Kenya,1998,KE1998DHS,CH_DIFP_C_FCF,94136180,I,1000,0,Total,Total,14000,Three years preceding the survey,1,0,CHDIFPCFCF,,1998,DHS,549,538,,,
KEN,584573,"Feeding practices during diarrhea: Continued feeding, and ORT and/or increased fluids",42.9,1,KE,Kenya,1998,KE1998DHS,CH_DIFP_C_FAL,94136190,I,1000,0,Total,Total,14000,Three years preceding the survey,1,0,CHDIFPCFAL,,1998,DHS,549,538,,,
KEN,598933,Number of children born in the last five (or three) years who had diarrhea in the last two weeks,549,0,KE,Kenya,1998,KE1998DHS,CH_DIFP_C_NUM,94136200,D,1000,0,Total,Total,14000,Three years preceding the survey,1,0,CHDIFPCNUM,,1998,DHS,,538,,,
KEN,309594,Number of children born in the last five (or three) years who had diarrhea in the last two weeks (unweighted),538,0,KE,Kenya,1998,KE1998DHS,CH_DIFP_C_UNW,94136210,U,1000,0,Total,Total,14000,Three years preceding the survey,1,0,CHDIFPCUNW,,1998,DHS,549,,,,
KEN,475955,Knowledge of ORS,72.2,1,KE,Kenya,1998,KE1998DHS,CH_KORS_W_ORS,94163010,I,1000,0,Total,Total,14000,Three years preceding the survey,1,0,CHKORSWORS,,1998,DHS,3007,3058,,,
KEN,479267,Number of women with a live birth in the last five years,3007,0,KE,Kenya,1998,KE1998DHS,CH_KORS_W_NUM,94163020,D,1000,0,Total,Total,14000,Three years preceding the survey,1,0,CHKORSWNUM,,1998,DHS,,3058,,,
KEN,166444,Number of women with a live birth in the last five years (unweighted),3058,0,KE,Kenya,1998,KE1998DHS,CH_KORS_W_UNW,94163030,U,1000,0,Total,Total,14000,Three years preceding the survey,1,0,CHKORSWUNW,,1998,DHS,,,,,
KEN,542027,Children with diarrhea,21.4,1,KE,Kenya,2003,KE2003DHS,CH_DIAR_C_DIA,94066010,I,1000,0,Total,Total,14000,Three years preceding the survey,1,0,CHDIARCDIA,,2003,DHS,3411,3358,,,
KEN,619368,Children with diarrhea,16,1,KE,Kenya,2003,KE2003DHS,CH_DIAR_C_DIA,94066010,I,1000,0,Total,Total,14001,Five years preceding the survey,1,1,CHDIARCDIA,,2003,DHS,5560,5447,,,
KEN,563950,Number of children born in the last five (or three) years,3411,0,KE,Kenya,2003,KE2003DHS,CH_DIAR_C_NUM,94066030,D,1000,0,Total,Total,14000,Three years preceding the survey,1,0,CHDIARCNUM,,2003,DHS,,3358,,,
KEN,619369,Number of children born in the last five (or three) years,5560,0,KE,Kenya,2003,KE2003DHS,CH_DIAR_C_NUM,94066030,D,1000,0,Total,Total,14001,Five years preceding the survey,1,1,CHDIARCNUM,,2003,DHS,,5447,,,
KEN,341455,Number of children born in the last five (or three) years (unweighted),3358,0,KE,Kenya,2003,KE2003DHS,CH_DIAR_C_UNW,94066040,U,1000,0,Total,Total,14000,Three years preceding the survey,1,0,CHDIARCUNW,,2003,DHS,3411,,,,
KEN,170764,Number of children born in the last five (or three) years (unweighted),5447,0,KE,Kenya,2003,KE2003DHS,CH_DIAR_C_UNW,94066040,U,1000,0,Total,Total,14001,Five years preceding the survey,1,1,CHDIARCUNW,,2003,DHS,5560,,,,
KEN,446620,Treatment of diarrhea: Advice or treatment was sought,36,1,KE,Kenya,2003,KE2003DHS,CH_DIAT_C_ADV,94096010,I,1000,0,Total,Total,14000,Three years preceding the survey,1,0,CHDIATCADV,,2003,DHS,730,703,,,
KEN,170767,Treatment of diarrhea: Advice or treatment was sought,36.4,1,KE,Kenya,2003,KE2003DHS,CH_DIAT_C_ADV,94096010,I,1000,0,Total,Total,14001,Five years preceding the survey,1,1,CHDIATCADV,,2003,DHS,888,866,,,
KEN,446618,Treatment of diarrhea: Oral rehydration solution (ORS),29.7,1,KE,Kenya,2003,KE2003DHS,CH_DIAT_C_ORS,94096020,I,1000,0,Total,Total,14000,Three years preceding the survey,1,0,CHDIATCORS,,2003,DHS,730,703,,,
KEN,170766,Treatment of diarrhea: Oral rehydration solution (ORS),29.2,1,KE,Kenya,2003,KE2003DHS,CH_DIAT_C_ORS,94096020,I,1000,0,Total,Total,14001,Five years preceding the survey,1,1,CHDIATCORS,,2003,DHS,888,866,,,
KEN,446619,Treatment of diarrhea: Either ORS or RHF,29.7,1,KE,Kenya,2003,KE2003DHS,CH_DIAT_C_ORT,94096040,I,1000,0,Total,Total,14000,Three years preceding the survey,1,0,CHDIATCORT,,2003,DHS,730,703,,,
KEN,170768,Treatment of diarrhea: Either ORS or RHF,29.2,1,KE,Kenya,2003,KE2003DHS,CH_DIAT_C_ORT,94096040,I,1000,0,Total,Total,14001,Five years preceding the survey,1,1,CHDIATCORT,,2003,DHS,888,866,,,
KEN,446621,Treatment of diarrhea: Increased fluids,33,1,KE,Kenya,2003,KE2003DHS,CH_DIAT_C_INC,94096050,I,1000,0,Total,Total,14000,Three years preceding the survey,1,0,CHDIATCINC,,2003,DHS,730,703,,,
KEN,170775,Treatment of diarrhea: Increased fluids,34.2,1,KE,Kenya,2003,KE2003DHS,CH_DIAT_C_INC,94096050,I,1000,0,Total,Total,14001,Five years preceding the survey,1,1,CHDIATCINC,,2003,DHS,888,866,,,
KEN,446622,Treatment of diarrhea: ORT or increased fluids,49.9,1,KE,Kenya,2003,KE2003DHS,CH_DIAT_C_ORI,94096060,I,1000,0,Total,Total,14000,Three years preceding the survey,1,0,CHDIATCORI,,2003,DHS,730,703,,,
KEN,170776,Treatment of diarrhea: ORT or increased fluids,50.6,1,KE,Kenya,2003,KE2003DHS,CH_DIAT_C_ORI,94096060,I,1000,0,Total,Total,14001,Five years preceding the survey,1,1,CHDIATCORI,,2003,DHS,888,866,,,
KEN,446627,"Treatment of diarrhea: No ORS, RHF or increased fluids",50.1,1,KE,Kenya,2003,KE2003DHS,CH_DIAT_C_NON,94096070,I,1000,0,Total,Total,14000,Three years preceding the survey,1,0,CHDIATCNON,,2003,DHS,730,703,,,
KEN,170771,"Treatment of diarrhea: No ORS, RHF or increased fluids",49.4,1,KE,Kenya,2003,KE2003DHS,CH_DIAT_C_NON,94096070,I,1000,0,Total,Total,14001,Five years preceding the survey,1,1,CHDIATCNON,,2003,DHS,888,866,,,
KEN,446628,Treatment of diarrhea: Intravenous solution,1.5,1,KE,Kenya,2003,KE2003DHS,CH_DIAT_C_IVS,94096110,I,1000,0,Total,Total,14000,Three years preceding the survey,1,0,CHDIATCIVS,,2003,DHS,730,703,,,
KEN,170772,Treatment of diarrhea: Intravenous solution,1.4,1,KE,Kenya,2003,KE2003DHS,CH_DIAT_C_IVS,94096110,I,1000,0,Total,Total,14001,Five years preceding the survey,1,1,CHDIATCIVS,,2003,DHS,888,866,,,
KEN,446630,Treatment of diarrhea: Home remedy - other,36.7,1,KE,Kenya,2003,KE2003DHS,CH_DIAT_C_HOM,94096130,I,1000,0,Total,Total,14000,Three years preceding the survey,1,0,CHDIATCHOM,,2003,DHS,730,703,,,
KEN,170773,Treatment of diarrhea: Home remedy - other,36.2,1,KE,Kenya,2003,KE2003DHS,CH_DIAT_C_HOM,94096130,I,1000,0,Total,Total,14001,Five years preceding the survey,1,1,CHDIATCHOM,,2003,DHS,888,866,,,
KEN,446634,Treatment of diarrhea: No treatment,31.8,1,KE,Kenya,2003,KE2003DHS,CH_DIAT_C_NOT,94096140,I,1000,0,Total,Total,14000,Three years preceding the survey,1,0,CHDIATCNOT,,2003,DHS,730,703,,,
KEN,170774,Treatment of diarrhea: No treatment,31.8,1,KE,Kenya,2003,KE2003DHS,CH_DIAT_C_NOT,94096140,I,1000,0,Total,Total,14001,Five years preceding the survey,1,1,CHDIATCNOT,,2003,DHS,888,866,,,
KEN,446635,Treatment of diarrhea: don't know or missing,0.1,1,KE,Kenya,2003,KE2003DHS,CH_DIAT_C_DKM,94096150,S,1000,0,Total,Total,14000,Three years preceding the survey,1,0,CHDIATCDKM,,2003,DHS,730,703,,,
KEN,170777,Treatment of diarrhea: don't know or missing,0.2,1,KE,Kenya,2003,KE2003DHS,CH_DIAT_C_DKM,94096150,S,1000,0,Total,Total,14001,Five years preceding the survey,1,1,CHDIATCDKM,,2003,DHS,888,866,,,
KEN,446629,Number of children born in the last five (or three) years,730,0,KE,Kenya,2003,KE2003DHS,CH_DIAT_C_NUM,94096160,D,1000,0,Total,Total,14000,Three years preceding the survey,1,0,CHDIATCNUM,,2003,DHS,,703,,,
KEN,170769,Number of children born in the last five (or three) years,888,0,KE,Kenya,2003,KE2003DHS,CH_DIAT_C_NUM,94096160,D,1000,0,Total,Total,14001,Five years preceding the survey,1,1,CHDIATCNUM,,2003,DHS,,866,,,
KEN,170782,Number of children born in the last five (or three) years (unweighted),703,0,KE,Kenya,2003,KE2003DHS,CH_DIAT_C_UNW,94096170,U,1000,0,Total,Total,14000,Three years preceding the survey,1,0,CHDIATCUNW,,2003,DHS,730,,,,
KEN,170783,Number of children born in the last five (or three) years (unweighted),866,0,KE,Kenya,2003,KE2003DHS,CH_DIAT_C_UNW,94096170,U,1000,0,Total,Total,14001,Five years preceding the survey,1,1,CHDIATCUNW,,2003,DHS,888,,,,
KEN,363786,Feeding practices during diarrhea: Increased amount of fluids,33,1,KE,Kenya,2003,KE2003DHS,CH_DIFP_C_LMR,94136010,I,1000,0,Total,Total,14000,Three years preceding the survey,1,0,CHDIFPCLMR,,2003,DHS,730,703,,,
KEN,487401,Feeding practices during diarrhea: Increased amount of fluids,34.2,1,KE,Kenya,2003,KE2003DHS,CH_DIFP_C_LMR,94136010,I,1000,0,Total,Total,14001,Five years preceding the survey,1,1,CHDIFPCLMR,,2003,DHS,888,866,,,
KEN,363771,Feeding practices during diarrhea: ORT and continued feeding,18.3,1,KE,Kenya,2003,KE2003DHS,CH_DIFP_C_FAL,94136015,I,1000,0,Total,Total,14000,Three years preceding the survey,1,0,CHDIFPCFAL,,2003,DHS,730,703,,,
KEN,487396,Feeding practices during diarrhea: ORT and continued feeding,19,1,KE,Kenya,2003,KE2003DHS,CH_DIFP_C_FAL,94136015,I,1000,0,Total,Total,14001,Five years preceding the survey,1,1,CHDIFPCFAL,,2003,DHS,888,866,,,
KEN,363779,Feeding practices during diarrhea: Same amount of fluids,32,1,KE,Kenya,2003,KE2003DHS,CH_DIFP_C_LSM,94136020,I,1000,0,Total,Total,14000,Three years preceding the survey,1,0,CHDIFPCLSM,,2003,DHS,730,703,,,
KEN,487399,Feeding practices during diarrhea: Same amount of fluids,32.9,1,KE,Kenya,2003,KE2003DHS,CH_DIFP_C_LSM,94136020,I,1000,0,Total,Total,14001,Five years preceding the survey,1,1,CHDIFPCLSM,,2003,DHS,888,866,,,
KEN,363780,Feeding practices during diarrhea: Somewhat less fluids,16.3,1,KE,Kenya,2003,KE2003DHS,CH_DIFP_C_LLS,94136030,I,1000,0,Total,Total,14000,Three years preceding the survey,1,0,CHDIFPCLLS,,2003,DHS,730,703,,,
KEN,487400,Feeding practices during diarrhea: Somewhat less fluids,15.1,1,KE,Kenya,2003,KE2003DHS,CH_DIFP_C_LLS,94136030,I,1000,0,Total,Total,14001,Five years preceding the survey,1,1,CHDIFPCLLS,,2003,DHS,888,866,,,
KEN,363781,Feeding practices during diarrhea: Much less fluids,14.3,1,KE,Kenya,2003,KE2003DHS,CH_DIFP_C_LML,94136040,I,1000,0,Total,Total,14000,Three years preceding the survey,1,0,CHDIFPCLML,,2003,DHS,730,703,,,
KEN,487402,Feeding practices during diarrhea: Much less fluids,13.4,1,KE,Kenya,2003,KE2003DHS,CH_DIFP_C_LML,94136040,I,1000,0,Total,Total,14001,Five years preceding the survey,1,1,CHDIFPCLML,,2003,DHS,888,866,,,
KEN,363787,Feeding practices during diarrhea: Stopped fluids completely,4,1,KE,Kenya,2003,KE2003DHS,CH_DIFP_C_LNO,94136060,I,1000,0,Total,Total,14000,Three years preceding the survey,1,0,CHDIFPCLNO,,2003,DHS,730,703,,,
KEN,487407,Feeding practices during diarrhea: Stopped fluids completely,4.1,1,KE,Kenya,2003,KE2003DHS,CH_DIFP_C_LNO,94136060,I,1000,0,Total,Total,14001,Five years preceding the survey,1,1,CHDIFPCLNO,,2003,DHS,888,866,,,
KEN,363791,Feeding practices during diarrhea: don't know or missing on fluids given,0.4,1,KE,Kenya,2003,KE2003DHS,CH_DIFP_C_LDK,94136070,S,1000,0,Total,Total,14000,Three years preceding the survey,1,0,CHDIFPCLDK,,2003,DHS,730,703,,,
KEN,487403,Feeding practices during diarrhea: don't know or missing on fluids given,0.3,1,KE,Kenya,2003,KE2003DHS,CH_DIFP_C_LDK,94136070,S,1000,0,Total,Total,14001,Five years preceding the survey,1,1,CHDIFPCLDK,,2003,DHS,888,866,,,
KEN,363788,Feeding practices during diarrhea: Total,100,1,KE,Kenya,2003,KE2003DHS,CH_DIFP_C_LTO,94136080,T,1000,0,Total,Total,14000,Three years preceding the survey,1,0,CHDIFPCLTO,,2003,DHS,730,703,,,
KEN,487408,Feeding practices during diarrhea: Total,100,1,KE,Kenya,2003,KE2003DHS,CH_DIFP_C_LTO,94136080,T,1000,0,Total,Total,14001,Five years preceding the survey,1,1,CHDIFPCLTO,,2003,DHS,888,866,,,
KEN,363792,Feeding practices during diarrhea: Increased amount of food,5.8,1,KE,Kenya,2003,KE2003DHS,CH_DIFP_C_FMR,94136090,I,1000,0,Total,Total,14000,Three years preceding the survey,1,0,CHDIFPCFMR,,2003,DHS,730,703,,,
KEN,487404,Feeding practices during diarrhea: Increased amount of food,6.6,1,KE,Kenya,2003,KE2003DHS,CH_DIFP_C_FMR,94136090,I,1000,0,Total,Total,14001,Five years preceding the survey,1,1,CHDIFPCFMR,,2003,DHS,888,866,,,
KEN,363790,Feeding practices during diarrhea: Same amount of food,33.1,1,KE,Kenya,2003,KE2003DHS,CH_DIFP_C_FSM,94136100,I,1000,0,Total,Total,14000,Three years preceding the survey,1,0,CHDIFPCFSM,,2003,DHS,730,703,,,
KEN,487412,Feeding practices during diarrhea: Same amount of food,34.5,1,KE,Kenya,2003,KE2003DHS,CH_DIFP_C_FSM,94136100,I,1000,0,Total,Total,14001,Five years preceding the survey,1,1,CHDIFPCFSM,,2003,DHS,888,866,,,
KEN,363767,Feeding practices during diarrhea: Somewhat less food,26,1,KE,Kenya,2003,KE2003DHS,CH_DIFP_C_FLS,94136110,I,1000,0,Total,Total,14000,Three years preceding the survey,1,0,CHDIFPCFLS,,2003,DHS,730,703,,,
KEN,487413,Feeding practices during diarrhea: Somewhat less food,25.8,1,KE,Kenya,2003,KE2003DHS,CH_DIFP_C_FLS,94136110,I,1000,0,Total,Total,14001,Five years preceding the survey,1,1,CHDIFPCFLS,,2003,DHS,888,866,,,
KEN,363768,Feeding practices during diarrhea: Much less food,20.3,1,KE,Kenya,2003,KE2003DHS,CH_DIFP_C_FML,94136120,I,1000,0,Total,Total,14000,Three years preceding the survey,1,0,CHDIFPCFML,,2003,DHS,730,703,,,
KEN,487414,Feeding practices during diarrhea: Much less food,18.6,1,KE,Kenya,2003,KE2003DHS,CH_DIFP_C_FML,94136120,I,1000,0,Total,Total,14001,Five years preceding the survey,1,1,CHDIFPCFML,,2003,DHS,888,866,,,
KEN,363769,Feeding practices during diarrhea: Stopped food completely,6.5,1,KE,Kenya,2003,KE2003DHS,CH_DIFP_C_FNO,94136140,I,1000,0,Total,Total,14000,Three years preceding the survey,1,0,CHDIFPCFNO,,2003,DHS,730,703,,,
KEN,487415,Feeding practices during diarrhea: Stopped food completely,7.2,1,KE,Kenya,2003,KE2003DHS,CH_DIFP_C_FNO,94136140,I,1000,0,Total,Total,14001,Five years preceding the survey,1,1,CHDIFPCFNO,,2003,DHS,888,866,,,
KEN,363789,Feeding practices during diarrhea: Never gave food,8.2,1,KE,Kenya,2003,KE2003DHS,CH_DIFP_C_FNV,94136150,I,1000,0,Total,Total,14000,Three years preceding the survey,1,0,CHDIFPCFNV,,2003,DHS,730,703,,,
KEN,487409,Feeding practices during diarrhea: Never gave food,7.1,1,KE,Kenya,2003,KE2003DHS,CH_DIFP_C_FNV,94136150,I,1000,0,Total,Total,14001,Five years preceding the survey,1,1,CHDIFPCFNV,,2003,DHS,888,866,,,
KEN,363764,Feeding practices during diarrhea: don't know or missing on food given,0.1,1,KE,Kenya,2003,KE2003DHS,CH_DIFP_C_FDK,94136160,S,1000,0,Total,Total,14000,Three years preceding the survey,1,0,CHDIFPCFDK,,2003,DHS,730,703,,,
KEN,487405,Feeding practices during diarrhea: don't know or missing on food given,0.2,1,KE,Kenya,2003,KE2003DHS,CH_DIFP_C_FDK,94136160,S,1000,0,Total,Total,14001,Five years preceding the survey,1,1,CHDIFPCFDK,,2003,DHS,888,866,,,
KEN,363766,Feeding practices during diarrhea: Total,100,1,KE,Kenya,2003,KE2003DHS,CH_DIFP_C_FTO,94136170,T,1000,0,Total,Total,14000,Three years preceding the survey,1,0,CHDIFPCFTO,,2003,DHS,730,703,,,
KEN,487410,Feeding practices during diarrhea: Total,100,1,KE,Kenya,2003,KE2003DHS,CH_DIFP_C_FTO,94136170,T,1000,0,Total,Total,14001,Five years preceding the survey,1,1,CHDIFPCFTO,,2003,DHS,888,866,,,
KEN,363765,Feeding practices during diarrhea: Given increased fluids and continued feeding,20.9,1,KE,Kenya,2003,KE2003DHS,CH_DIFP_C_FCF,94136180,I,1000,0,Total,Total,14000,Three years preceding the survey,1,0,CHDIFPCFCF,,2003,DHS,730,703,,,
KEN,487406,Feeding practices during diarrhea: Given increased fluids and continued feeding,22.5,1,KE,Kenya,2003,KE2003DHS,CH_DIFP_C_FCF,94136180,I,1000,0,Total,Total,14001,Five years preceding the survey,1,1,CHDIFPCFCF,,2003,DHS,888,866,,,
KEN,363770,"Feeding practices during diarrhea: Continued feeding, and ORT and/or increased fluids",31.6,1,KE,Kenya,2003,KE2003DHS,CH_DIFP_C_FAL,94136190,I,1000,0,Total,Total,14000,Three years preceding the survey,1,0,CHDIFPCFAL,,2003,DHS,730,703,,,
KEN,487395,"Feeding practices during diarrhea: Continued feeding, and ORT and/or increased fluids",33.3,1,KE,Kenya,2003,KE2003DHS,CH_DIFP_C_FAL,94136190,I,1000,0,Total,Total,14001,Five years preceding the survey,1,1,CHDIFPCFAL,,2003,DHS,888,866,,,
KEN,170784,Number of children born in the last five (or three) years who had diarrhea in the last two weeks,730,0,KE,Kenya,2003,KE2003DHS,CH_DIFP_C_NUM,94136200,D,1000,0,Total,Total,14000,Three years preceding the survey,1,0,CHDIFPCNUM,,2003,DHS,,703,,,
KEN,495609,Number of children born in the last five (or three) years who had diarrhea in the last two weeks,888,0,KE,Kenya,2003,KE2003DHS,CH_DIFP_C_NUM,94136200,D,1000,0,Total,Total,14001,Five years preceding the survey,1,1,CHDIFPCNUM,,2003,DHS,,866,,,
KEN,363772,Number of children born in the last five (or three) years who had diarrhea in the last two weeks (unweighted),703,0,KE,Kenya,2003,KE2003DHS,CH_DIFP_C_UNW,94136210,U,1000,0,Total,Total,14000,Three years preceding the survey,1,0,CHDIFPCUNW,,2003,DHS,730,,,,
KEN,305264,Number of children born in the last five (or three) years who had diarrhea in the last two weeks (unweighted),866,0,KE,Kenya,2003,KE2003DHS,CH_DIFP_C_UNW,94136210,U,1000,0,Total,Total,14001,Five years preceding the survey,1,1,CHDIFPCUNW,,2003,DHS,888,,,,
KEN,170789,Knowledge of ORS,69.7,1,KE,Kenya,2003,KE2003DHS,CH_KORS_W_ORS,94163010,I,1000,0,Total,Total,14000,Three years preceding the survey,1,0,CHKORSWORS,,2003,DHS,3151,3101,,,
KEN,714860,Knowledge of ORS,71.1,1,KE,Kenya,2003,KE2003DHS,CH_KORS_W_ORS,94163010,I,1000,0,Total,Total,14001,Five years preceding the survey,1,1,CHKORSWORS,,2003,DHS,4052,3972,,,
KEN,170788,Number of women with a live birth in the last five years,3151,0,KE,Kenya,2003,KE2003DHS,CH_KORS_W_NUM,94163020,D,1000,0,Total,Total,14000,Three years preceding the survey,1,0,CHKORSWNUM,,2003,DHS,,3101,,,
KEN,723969,Number of women with a live birth in the last five years,4052,0,KE,Kenya,2003,KE2003DHS,CH_KORS_W_NUM,94163020,D,1000,0,Total,Total,14001,Five years preceding the survey,1,1,CHKORSWNUM,,2003,DHS,,3972,,,
KEN,352150,Number of women with a live birth in the last five years (unweighted),3101,0,KE,Kenya,2003,KE2003DHS,CH_KORS_W_UNW,94163030,U,1000,0,Total,Total,14000,Three years preceding the survey,1,0,CHKORSWUNW,,2003,DHS,4,,,,
KEN,311675,Number of women with a live birth in the last five years (unweighted),3972,0,KE,Kenya,2003,KE2003DHS,CH_KORS_W_UNW,94163030,U,1000,0,Total,Total,14001,Five years preceding the survey,1,1,CHKORSWUNW,,2003,DHS,12,,,,
KEN,695669,Children with diarrhea,21.9,1,KE,Kenya,2008,KE2008DHS,CH_DIAR_C_DIA,94066010,I,1000,0,Total,Total,14000,Three years preceding the survey,1,0,CHDIARCDIA,,2008-09,DHS,3370,3513,,,
KEN,512493,Children with diarrhea,16.6,1,KE,Kenya,2008,KE2008DHS,CH_DIAR_C_DIA,94066010,I,1000,0,Total,Total,14001,Five years preceding the survey,1,1,CHDIARCDIA,,2008-09,DHS,5481,5706,,,
KEN,695668,Children with diarrhea with blood in the stools,3.3,1,KE,Kenya,2008,KE2008DHS,CH_DIAR_C_DIB,94066020,I,1000,0,Total,Total,14000,Three years preceding the survey,1,0,CHDIARCDIB,,2008-09,DHS,3370,3513,,,
KEN,512494,Children with diarrhea with blood in the stools,2.6,1,KE,Kenya,2008,KE2008DHS,CH_DIAR_C_DIB,94066020,I,1000,0,Total,Total,14001,Five years preceding the survey,1,1,CHDIARCDIB,,2008-09,DHS,5481,5706,,,
KEN,700094,Number of children born in the last five (or three) years,3370,0,KE,Kenya,2008,KE2008DHS,CH_DIAR_C_NUM,94066030,D,1000,0,Total,Total,14000,Three years preceding the survey,1,0,CHDIARCNUM,,2008-09,DHS,,3513,,,
KEN,512495,Number of children born in the last five (or three) years,5481,0,KE,Kenya,2008,KE2008DHS,CH_DIAR_C_NUM,94066030,D,1000,0,Total,Total,14001,Five years preceding the survey,1,1,CHDIARCNUM,,2008-09,DHS,,5706,,,
KEN,250449,Number of children born in the last five (or three) years (unweighted),3513,0,KE,Kenya,2008,KE2008DHS,CH_DIAR_C_UNW,94066040,U,1000,0,Total,Total,14000,Three years preceding the survey,1,0,CHDIARCUNW,,2008-09,DHS,3370,,,,
KEN,173207,Number of children born in the last five (or three) years (unweighted),5706,0,KE,Kenya,2008,KE2008DHS,CH_DIAR_C_UNW,94066040,U,1000,0,Total,Total,14001,Five years preceding the survey,1,1,CHDIARCUNW,,2008-09,DHS,5481,,,,
KEN,397502,Treatment of diarrhea: Advice or treatment was sought,59.1,1,KE,Kenya,2008,KE2008DHS,CH_DIAT_C_ADV,94096010,I,1000,0,Total,Total,14000,Three years preceding the survey,1,0,CHDIATCADV,,2008-09,DHS,738,756,,,
KEN,761307,Treatment of diarrhea: Advice or treatment was sought,58,1,KE,Kenya,2008,KE2008DHS,CH_DIAT_C_ADV,94096010,I,1000,0,Total,Total,14001,Five years preceding the survey,1,1,CHDIATCADV,,2008-09,DHS,909,946,,,
KEN,397500,Treatment of diarrhea: Oral rehydration solution (ORS),72.7,1,KE,Kenya,2008,KE2008DHS,CH_DIAT_C_ORS,94096020,I,1000,0,Total,Total,14000,Three years preceding the survey,1,0,CHDIATCORS,,2008-09,DHS,738,756,,,
KEN,761308,Treatment of diarrhea: Oral rehydration solution (ORS),71.5,1,KE,Kenya,2008,KE2008DHS,CH_DIAT_C_ORS,94096020,I,1000,0,Total,Total,14001,Five years preceding the survey,1,1,CHDIATCORS,,2008-09,DHS,909,946,,,
KEN,397501,Treatment of diarrhea: Recommended home fluids (RHF) at home,27.5,1,KE,Kenya,2008,KE2008DHS,CH_DIAT_C_RHF,94096030,I,1000,0,Total,Total,14000,Three years preceding the survey,1,0,CHDIATCRHF,,2008-09,DHS,738,756,,,
KEN,761309,Treatment of diarrhea: Recommended home fluids (RHF) at home,25.9,1,KE,Kenya,2008,KE2008DHS,CH_DIAT_C_RHF,94096030,I,1000,0,Total,Total,14001,Five years preceding the survey,1,1,CHDIATCRHF,,2008-09,DHS,909,946,,,
KEN,397508,Treatment of diarrhea: Either ORS or RHF,72.7,1,KE,Kenya,2008,KE2008DHS,CH_DIAT_C_ORT,94096040,I,1000,0,Total,Total,14000,Three years preceding the survey,1,0,CHDIATCORT,,2008-09,DHS,738,756,,,
KEN,761310,Treatment of diarrhea: Either ORS or RHF,71.5,1,KE,Kenya,2008,KE2008DHS,CH_DIAT_C_ORT,94096040,I,1000,0,Total,Total,14001,Five years preceding the survey,1,1,CHDIATCORT,,2008-09,DHS,909,946,,,
KEN,397513,Treatment of diarrhea: Zinc supplements,0.2,1,KE,Kenya,2008,KE2008DHS,CH_DIAT_C_ZNC,94096044,I,1000,0,Total,Total,14000,Three years preceding the survey,1,0,CHDIATCZNC,,2008-09,DHS,738,756,,,
KEN,761289,Treatment of diarrhea: Zinc supplements,0.2,1,KE,Kenya,2008,KE2008DHS,CH_DIAT_C_ZNC,94096044,I,1000,0,Total,Total,14001,Five years preceding the survey,1,1,CHDIATCZNC,,2008-09,DHS,909,946,,,
KEN,397509,Treatment of diarrhea: Increased fluids,24.6,1,KE,Kenya,2008,KE2008DHS,CH_DIAT_C_INC,94096050,I,1000,0,Total,Total,14000,Three years preceding the survey,1,0,CHDIATCINC,,2008-09,DHS,738,756,,,
KEN,761281,Treatment of diarrhea: Increased fluids,26.1,1,KE,Kenya,2008,KE2008DHS,CH_DIAT_C_INC,94096050,I,1000,0,Total,Total,14001,Five years preceding the survey,1,1,CHDIATCINC,,2008-09,DHS,909,946,,,
KEN,397510,Treatment of diarrhea: ORT or increased fluids,78.1,1,KE,Kenya,2008,KE2008DHS,CH_DIAT_C_ORI,94096060,I,1000,0,Total,Total,14000,Three years preceding the survey,1,0,CHDIATCORI,,2008-09,DHS,738,756,,,
KEN,761282,Treatment of diarrhea: ORT or increased fluids,78.1,1,KE,Kenya,2008,KE2008DHS,CH_DIAT_C_ORI,94096060,I,1000,0,Total,Total,14001,Five years preceding the survey,1,1,CHDIATCORI,,2008-09,DHS,909,946,,,
KEN,397506,"Treatment of diarrhea: No ORS, RHF or increased fluids",21.9,1,KE,Kenya,2008,KE2008DHS,CH_DIAT_C_NON,94096070,I,1000,0,Total,Total,14000,Three years preceding the survey,1,0,CHDIATCNON,,2008-09,DHS,738,756,,,
KEN,761280,"Treatment of diarrhea: No ORS, RHF or increased fluids",21.9,1,KE,Kenya,2008,KE2008DHS,CH_DIAT_C_NON,94096070,I,1000,0,Total,Total,14001,Five years preceding the survey,1,1,CHDIATCNON,,2008-09,DHS,909,946,,,
KEN,397511,Treatment of diarrhea: Antibiotics,13.7,1,KE,Kenya,2008,KE2008DHS,CH_DIAT_C_ABI,94096080,I,1000,0,Total,Total,14000,Three years preceding the survey,1,0,CHDIATCABI,,2008-09,DHS,738,756,,,
KEN,761288,Treatment of diarrhea: Antibiotics,14.2,1,KE,Kenya,2008,KE2008DHS,CH_DIAT_C_ABI,94096080,I,1000,0,Total,Total,14001,Five years preceding the survey,1,1,CHDIATCABI,,2008-09,DHS,909,946,,,
KEN,397507,Treatment of diarrhea: Antimotility drugs,7.3,1,KE,Kenya,2008,KE2008DHS,CH_DIAT_C_AMO,94096090,I,1000,0,Total,Total,14000,Three years preceding the survey,1,0,CHDIATCAMO,,2008-09,DHS,738,756,,,
KEN,761283,Treatment of diarrhea: Antimotility drugs,8.7,1,KE,Kenya,2008,KE2008DHS,CH_DIAT_C_AMO,94096090,I,1000,0,Total,Total,14001,Five years preceding the survey,1,1,CHDIATCAMO,,2008-09,DHS,909,946,,,
KEN,397503,Treatment of diarrhea: Intravenous solution,0.3,1,KE,Kenya,2008,KE2008DHS,CH_DIAT_C_IVS,94096110,I,1000,0,Total,Total,14000,Three years preceding the survey,1,0,CHDIATCIVS,,2008-09,DHS,738,756,,,
KEN,761284,Treatment of diarrhea: Intravenous solution,0.2,1,KE,Kenya,2008,KE2008DHS,CH_DIAT_C_IVS,94096110,I,1000,0,Total,Total,14001,Five years preceding the survey,1,1,CHDIATCIVS,,2008-09,DHS,909,946,,,
KEN,397504,Treatment of diarrhea: Injection,2.4,1,KE,Kenya,2008,KE2008DHS,CH_DIAT_C_INJ,94096120,I,1000,0,Total,Total,14000,Three years preceding the survey,1,0,CHDIATCINJ,,2008-09,DHS,738,756,,,
KEN,761285,Treatment of diarrhea: Injection,2.1,1,KE,Kenya,2008,KE2008DHS,CH_DIAT_C_INJ,94096120,I,1000,0,Total,Total,14001,Five years preceding the survey,1,1,CHDIATCINJ,,2008-09,DHS,909,946,,,
KEN,397516,Treatment of diarrhea: Home remedy - other,25.8,1,KE,Kenya,2008,KE2008DHS,CH_DIAT_C_HOM,94096130,I,1000,0,Total,Total,14000,Three years preceding the survey,1,0,CHDIATCHOM,,2008-09,DHS,738,756,,,
KEN,761286,Treatment of diarrhea: Home remedy - other,23.6,1,KE,Kenya,2008,KE2008DHS,CH_DIAT_C_HOM,94096130,I,1000,0,Total,Total,14001,Five years preceding the survey,1,1,CHDIATCHOM,,2008-09,DHS,909,946,,,
KEN,397517,Treatment of diarrhea: No treatment,13,1,KE,Kenya,2008,KE2008DHS,CH_DIAT_C_NOT,94096140,I,1000,0,Total,Total,14000,Three years preceding the survey,1,0,CHDIATCNOT,,2008-09,DHS,738,756,,,
KEN,761287,Treatment of diarrhea: No treatment,13,1,KE,Kenya,2008,KE2008DHS,CH_DIAT_C_NOT,94096140,I,1000,0,Total,Total,14001,Five years preceding the survey,1,1,CHDIATCNOT,,2008-09,DHS,909,946,,,
KEN,761293,Treatment of diarrhea: don't know or missing,0,1,KE,Kenya,2008,KE2008DHS,CH_DIAT_C_DKM,94096150,S,1000,0,Total,Total,14001,Five years preceding the survey,1,1,CHDIATCDKM,,2008-09,DHS,909,946,,,
KEN,397512,Number of children born in the last five (or three) years,738,0,KE,Kenya,2008,KE2008DHS,CH_DIAT_C_NUM,94096160,D,1000,0,Total,Total,14000,Three years preceding the survey,1,0,CHDIATCNUM,,2008-09,DHS,,756,,,
KEN,762767,Number of children born in the last five (or three) years,909,0,KE,Kenya,2008,KE2008DHS,CH_DIAT_C_NUM,94096160,D,1000,0,Total,Total,14001,Five years preceding the survey,1,1,CHDIATCNUM,,2008-09,DHS,,946,,,
KEN,173209,Number of children born in the last five (or three) years (unweighted),756,0,KE,Kenya,2008,KE2008DHS,CH_DIAT_C_UNW,94096170,U,1000,0,Total,Total,14000,Three years preceding the survey,1,0,CHDIATCUNW,,2008-09,DHS,738,,,,
KEN,305068,Number of children born in the last five (or three) years (unweighted),946,0,KE,Kenya,2008,KE2008DHS,CH_DIAT_C_UNW,94096170,U,1000,0,Total,Total,14001,Five years preceding the survey,1,1,CHDIATCUNW,,2008-09,DHS,909,,,,
KEN,551686,Feeding practices during diarrhea: Increased amount of fluids,24.6,1,KE,Kenya,2008,KE2008DHS,CH_DIFP_C_LMR,94136010,I,1000,0,Total,Total,14000,Three years preceding the survey,1,0,CHDIFPCLMR,,2008-09,DHS,738,756,,,
KEN,448610,Feeding practices during diarrhea: Increased amount of fluids,26.1,1,KE,Kenya,2008,KE2008DHS,CH_DIFP_C_LMR,94136010,I,1000,0,Total,Total,14001,Five years preceding the survey,1,1,CHDIFPCLMR,,2008-09,DHS,909,946,,,
KEN,551677,Feeding practices during diarrhea: ORT and continued feeding,38.8,1,KE,Kenya,2008,KE2008DHS,CH_DIFP_C_FAL,94136015,I,1000,0,Total,Total,14000,Three years preceding the survey,1,0,CHDIFPCFAL,,2008-09,DHS,738,756,,,
KEN,448608,Feeding practices during diarrhea: ORT and continued feeding,38.9,1,KE,Kenya,2008,KE2008DHS,CH_DIFP_C_FAL,94136015,I,1000,0,Total,Total,14001,Five years preceding the survey,1,1,CHDIFPCFAL,,2008-09,DHS,909,946,,,
KEN,551682,Feeding practices during diarrhea: Same amount of fluids,32,1,KE,Kenya,2008,KE2008DHS,CH_DIFP_C_LSM,94136020,I,1000,0,Total,Total,14000,Three years preceding the survey,1,0,CHDIFPCLSM,,2008-09,DHS,738,756,,,
KEN,448603,Feeding practices during diarrhea: Same amount of fluids,31.7,1,KE,Kenya,2008,KE2008DHS,CH_DIFP_C_LSM,94136020,I,1000,0,Total,Total,14001,Five years preceding the survey,1,1,CHDIFPCLSM,,2008-09,DHS,909,946,,,
KEN,551683,Feeding practices during diarrhea: Somewhat less fluids,17.6,1,KE,Kenya,2008,KE2008DHS,CH_DIFP_C_LLS,94136030,I,1000,0,Total,Total,14000,Three years preceding the survey,1,0,CHDIFPCLLS,,2008-09,DHS,738,756,,,
KEN,448605,Feeding practices during diarrhea: Somewhat less fluids,17.1,1,KE,Kenya,2008,KE2008DHS,CH_DIFP_C_LLS,94136030,I,1000,0,Total,Total,14001,Five years preceding the survey,1,1,CHDIFPCLLS,,2008-09,DHS,909,946,,,
KEN,551685,Feeding practices during diarrhea: Much less fluids,23.5,1,KE,Kenya,2008,KE2008DHS,CH_DIFP_C_LML,94136040,I,1000,0,Total,Total,14000,Three years preceding the survey,1,0,CHDIFPCLML,,2008-09,DHS,738,756,,,
KEN,448606,Feeding practices during diarrhea: Much less fluids,23.1,1,KE,Kenya,2008,KE2008DHS,CH_DIFP_C_LML,94136040,I,1000,0,Total,Total,14001,Five years preceding the survey,1,1,CHDIFPCLML,,2008-09,DHS,909,946,,,
KEN,551687,Feeding practices during diarrhea: Stopped fluids completely,2.2,1,KE,Kenya,2008,KE2008DHS,CH_DIFP_C_LNO,94136060,I,1000,0,Total,Total,14000,Three years preceding the survey,1,0,CHDIFPCLNO,,2008-09,DHS,738,756,,,
KEN,448613,Feeding practices during diarrhea: Stopped fluids completely,1.8,1,KE,Kenya,2008,KE2008DHS,CH_DIFP_C_LNO,94136060,I,1000,0,Total,Total,14001,Five years preceding the survey,1,1,CHDIFPCLNO,,2008-09,DHS,909,946,,,
KEN,551678,Feeding practices during diarrhea: don't know or missing on fluids given,0.1,1,KE,Kenya,2008,KE2008DHS,CH_DIFP_C_LDK,94136070,S,1000,0,Total,Total,14000,Three years preceding the survey,1,0,CHDIFPCLDK,,2008-09,DHS,738,756,,,
KEN,448617,Feeding practices during diarrhea: don't know or missing on fluids given,0.1,1,KE,Kenya,2008,KE2008DHS,CH_DIFP_C_LDK,94136070,S,1000,0,Total,Total,14001,Five years preceding the survey,1,1,CHDIFPCLDK,,2008-09,DHS,909,946,,,
KEN,551672,Feeding practices during diarrhea: Total,100,1,KE,Kenya,2008,KE2008DHS,CH_DIFP_C_LTO,94136080,T,1000,0,Total,Total,14000,Three years preceding the survey,1,0,CHDIFPCLTO,,2008-09,DHS,738,756,,,
KEN,448614,Feeding practices during diarrhea: Total,100,1,KE,Kenya,2008,KE2008DHS,CH_DIFP_C_LTO,94136080,T,1000,0,Total,Total,14001,Five years preceding the survey,1,1,CHDIFPCLTO,,2008-09,DHS,909,946,,,
KEN,551679,Feeding practices during diarrhea: Increased amount of food,5.3,1,KE,Kenya,2008,KE2008DHS,CH_DIFP_C_FMR,94136090,I,1000,0,Total,Total,14000,Three years preceding the survey,1,0,CHDIFPCFMR,,2008-09,DHS,738,756,,,
KEN,448618,Feeding practices during diarrhea: Increased amount of food,5,1,KE,Kenya,2008,KE2008DHS,CH_DIFP_C_FMR,94136090,I,1000,0,Total,Total,14001,Five years preceding the survey,1,1,CHDIFPCFMR,,2008-09,DHS,909,946,,,
KEN,551688,Feeding practices during diarrhea: Same amount of food,27.1,1,KE,Kenya,2008,KE2008DHS,CH_DIFP_C_FSM,94136100,I,1000,0,Total,Total,14000,Three years preceding the survey,1,0,CHDIFPCFSM,,2008-09,DHS,738,756,,,
KEN,448602,Feeding practices during diarrhea: Same amount of food,28.7,1,KE,Kenya,2008,KE2008DHS,CH_DIFP_C_FSM,94136100,I,1000,0,Total,Total,14001,Five years preceding the survey,1,1,CHDIFPCFSM,,2008-09,DHS,909,946,,,
KEN,551689,Feeding practices during diarrhea: Somewhat less food,21.5,1,KE,Kenya,2008,KE2008DHS,CH_DIFP_C_FLS,94136110,I,1000,0,Total,Total,14000,Three years preceding the survey,1,0,CHDIFPCFLS,,2008-09,DHS,738,756,,,
KEN,448604,Feeding practices during diarrhea: Somewhat less food,22.5,1,KE,Kenya,2008,KE2008DHS,CH_DIFP_C_FLS,94136110,I,1000,0,Total,Total,14001,Five years preceding the survey,1,1,CHDIFPCFLS,,2008-09,DHS,909,946,,,
KEN,551671,Feeding practices during diarrhea: Much less food,31.2,1,KE,Kenya,2008,KE2008DHS,CH_DIFP_C_FML,94136120,I,1000,0,Total,Total,14000,Three years preceding the survey,1,0,CHDIFPCFML,,2008-09,DHS,738,756,,,
KEN,448611,Feeding practices during diarrhea: Much less food,30.6,1,KE,Kenya,2008,KE2008DHS,CH_DIFP_C_FML,94136120,I,1000,0,Total,Total,14001,Five years preceding the survey,1,1,CHDIFPCFML,,2008-09,DHS,909,946,,,
KEN,551675,Feeding practices during diarrhea: Stopped food completely,6.3,1,KE,Kenya,2008,KE2008DHS,CH_DIFP_C_FNO,94136140,I,1000,0,Total,Total,14000,Three years preceding the survey,1,0,CHDIFPCFNO,,2008-09,DHS,738,756,,,
KEN,448612,Feeding practices during diarrhea: Stopped food completely,5.9,1,KE,Kenya,2008,KE2008DHS,CH_DIFP_C_FNO,94136140,I,1000,0,Total,Total,14001,Five years preceding the survey,1,1,CHDIFPCFNO,,2008-09,DHS,909,946,,,
KEN,551673,Feeding practices during diarrhea: Never gave food,8.5,1,KE,Kenya,2008,KE2008DHS,CH_DIFP_C_FNV,94136150,I,1000,0,Total,Total,14000,Three years preceding the survey,1,0,CHDIFPCFNV,,2008-09,DHS,738,756,,,
KEN,448615,Feeding practices during diarrhea: Never gave food,7.2,1,KE,Kenya,2008,KE2008DHS,CH_DIFP_C_FNV,94136150,I,1000,0,Total,Total,14001,Five years preceding the survey,1,1,CHDIFPCFNV,,2008-09,DHS,909,946,,,
KEN,551680,Feeding practices during diarrhea: don't know or missing on food given,0,1,KE,Kenya,2008,KE2008DHS,CH_DIFP_C_FDK,94136160,S,1000,0,Total,Total,14000,Three years preceding the survey,1,0,CHDIFPCFDK,,2008-09,DHS,738,756,,,
KEN,448619,Feeding practices during diarrhea: don't know or missing on food given,0.1,1,KE,Kenya,2008,KE2008DHS,CH_DIFP_C_FDK,94136160,S,1000,0,Total,Total,14001,Five years preceding the survey,1,1,CHDIFPCFDK,,2008-09,DHS,909,946,,,
KEN,551674,Feeding practices during diarrhea: Total,100,1,KE,Kenya,2008,KE2008DHS,CH_DIFP_C_FTO,94136170,T,1000,0,Total,Total,14000,Three years preceding the survey,1,0,CHDIFPCFTO,,2008-09,DHS,738,756,,,
KEN,448616,Feeding practices during diarrhea: Total,100,1,KE,Kenya,2008,KE2008DHS,CH_DIFP_C_FTO,94136170,T,1000,0,Total,Total,14001,Five years preceding the survey,1,1,CHDIFPCFTO,,2008-09,DHS,909,946,,,
KEN,551681,Feeding practices during diarrhea: Given increased fluids and continued feeding,14,1,KE,Kenya,2008,KE2008DHS,CH_DIFP_C_FCF,94136180,I,1000,0,Total,Total,14000,Three years preceding the survey,1,0,CHDIFPCFCF,,2008-09,DHS,738,756,,,
KEN,448620,Feeding practices during diarrhea: Given increased fluids and continued feeding,15.4,1,KE,Kenya,2008,KE2008DHS,CH_DIFP_C_FCF,94136180,I,1000,0,Total,Total,14001,Five years preceding the survey,1,1,CHDIFPCFCF,,2008-09,DHS,909,946,,,
KEN,551676,"Feeding practices during diarrhea: Continued feeding, and ORT and/or increased fluids",40.9,1,KE,Kenya,2008,KE2008DHS,CH_DIFP_C_FAL,94136190,I,1000,0,Total,Total,14000,Three years preceding the survey,1,0,CHDIFPCFAL,,2008-09,DHS,738,756,,,
KEN,448607,"Feeding practices during diarrhea: Continued feeding, and ORT and/or increased fluids",42.6,1,KE,Kenya,2008,KE2008DHS,CH_DIFP_C_FAL,94136190,I,1000,0,Total,Total,14001,Five years preceding the survey,1,1,CHDIFPCFAL,,2008-09,DHS,909,946,,,
KEN,565924,Number of children born in the last five (or three) years who had diarrhea in the last two weeks,738,0,KE,Kenya,2008,KE2008DHS,CH_DIFP_C_NUM,94136200,D,1000,0,Total,Total,14000,Three years preceding the survey,1,0,CHDIFPCNUM,,2008-09,DHS,,756,,,
KEN,448609,Number of children born in the last five (or three) years who had diarrhea in the last two weeks,909,0,KE,Kenya,2008,KE2008DHS,CH_DIFP_C_NUM,94136200,D,1000,0,Total,Total,14001,Five years preceding the survey,1,1,CHDIFPCNUM,,2008-09,DHS,,946,,,
KEN,319668,Number of children born in the last five (or three) years who had diarrhea in the last two weeks (unweighted),756,0,KE,Kenya,2008,KE2008DHS,CH_DIFP_C_UNW,94136210,U,1000,0,Total,Total,14000,Three years preceding the survey,1,0,CHDIFPCUNW,,2008-09,DHS,738,,,,
KEN,173214,Number of children born in the last five (or three) years who had diarrhea in the last two weeks (unweighted),946,0,KE,Kenya,2008,KE2008DHS,CH_DIFP_C_UNW,94136210,U,1000,0,Total,Total,14001,Five years preceding the survey,1,1,CHDIFPCUNW,,2008-09,DHS,909,,,,
KEN,770370,Knowledge of ORS,78.7,1,KE,Kenya,2008,KE2008DHS,CH_KORS_W_ORS,94163010,I,1000,0,Total,Total,14000,Three years preceding the survey,1,0,CHKORSWORS,,2008-09,DHS,3101,3188,,,
KEN,492227,Knowledge of ORS,78.4,1,KE,Kenya,2008,KE2008DHS,CH_KORS_W_ORS,94163010,I,1000,0,Total,Total,14001,Five years preceding the survey,1,1,CHKORSWORS,,2008-09,DHS,3973,4082,,,
KEN,772527,Number of women with a live birth in the last five years,3101,0,KE,Kenya,2008,KE2008DHS,CH_KORS_W_NUM,94163020,D,1000,0,Total,Total,14000,Three years preceding the survey,1,0,CHKORSWNUM,,2008-09,DHS,,3188,,,
KEN,495469,Number of women with a live birth in the last five years,3973,0,KE,Kenya,2008,KE2008DHS,CH_KORS_W_NUM,94163020,D,1000,0,Total,Total,14001,Five years preceding the survey,1,1,CHKORSWNUM,,2008-09,DHS,,4082,,,
KEN,278428,Number of women with a live birth in the last five years (unweighted),3188,0,KE,Kenya,2008,KE2008DHS,CH_KORS_W_UNW,94163030,U,1000,0,Total,Total,14000,Three years preceding the survey,1,0,CHKORSWUNW,,2008-09,DHS,6,,,,
KEN,173215,Number of women with a live birth in the last five years (unweighted),4082,0,KE,Kenya,2008,KE2008DHS,CH_KORS_W_UNW,94163030,U,1000,0,Total,Total,14001,Five years preceding the survey,1,1,CHKORSWUNW,,2008-09,DHS,15,,,,
KEN,771921,Children with diarrhea,20.1,1,KE,Kenya,2014,KE2014DHS,CH_DIAR_C_DIA,94066010,I,1000,0,Total,Total,14000,Three years preceding the survey,1,0,CHDIARCDIA,,2014,DHS,11140,11979,,,
KEN,495473,Children with diarrhea,15.2,1,KE,Kenya,2014,KE2014DHS,CH_DIAR_C_DIA,94066010,I,1000,0,Total,Total,14001,Five years preceding the survey,1,1,CHDIARCDIA,,2014,DHS,18702,20093,,,
KEN,771920,Children with diarrhea with blood in the stools,2,1,KE,Kenya,2014,KE2014DHS,CH_DIAR_C_DIB,94066020,I,1000,0,Total,Total,14000,Three years preceding the survey,1,0,CHDIARCDIB,,2014,DHS,11140,11979,,,
KEN,495471,Children with diarrhea with blood in the stools,1.7,1,KE,Kenya,2014,KE2014DHS,CH_DIAR_C_DIB,94066020,I,1000,0,Total,Total,14001,Five years preceding the survey,1,1,CHDIARCDIB,,2014,DHS,18702,20093,,,
KEN,772525,Number of children born in the last five (or three) years,11140,0,KE,Kenya,2014,KE2014DHS,CH_DIAR_C_NUM,94066030,D,1000,0,Total,Total,14000,Three years preceding the survey,1,0,CHDIARCNUM,,2014,DHS,,11979,,,
KEN,495472,Number of children born in the last five (or three) years,18702,0,KE,Kenya,2014,KE2014DHS,CH_DIAR_C_NUM,94066030,D,1000,0,Total,Total,14001,Five years preceding the survey,1,1,CHDIARCNUM,,2014,DHS,,20093,,,
KEN,242138,Number of children born in the last five (or three) years (unweighted),11979,0,KE,Kenya,2014,KE2014DHS,CH_DIAR_C_UNW,94066040,U,1000,0,Total,Total,14000,Three years preceding the survey,1,0,CHDIARCUNW,,2014,DHS,11140,,,,
KEN,173327,Number of children born in the last five (or three) years (unweighted),20093,0,KE,Kenya,2014,KE2014DHS,CH_DIAR_C_UNW,94066040,U,1000,0,Total,Total,14001,Five years preceding the survey,1,1,CHDIARCUNW,,2014,DHS,18702,,,,
KEN,173325,Treatment of diarrhea: Advice or treatment was sought,66,1,KE,Kenya,2014,KE2014DHS,CH_DIAT_C_ADV,94096010,I,1000,0,Total,Total,14000,Three years preceding the survey,1,0,CHDIATCADV,,2014,DHS,2237,2327,,,
KEN,751868,Treatment of diarrhea: Advice or treatment was sought,66,1,KE,Kenya,2014,KE2014DHS,CH_DIAT_C_ADV,94096010,I,1000,0,Total,Total,14001,Five years preceding the survey,1,1,CHDIATCADV,,2014,DHS,2844,2953,,,
KEN,173321,Treatment of diarrhea: Oral rehydration solution (ORS),53.6,1,KE,Kenya,2014,KE2014DHS,CH_DIAT_C_ORS,94096020,I,1000,0,Total,Total,14000,Three years preceding the survey,1,0,CHDIATCORS,,2014,DHS,2237,2327,,,
KEN,751863,Treatment of diarrhea: Oral rehydration solution (ORS),53.8,1,KE,Kenya,2014,KE2014DHS,CH_DIAT_C_ORS,94096020,I,1000,0,Total,Total,14001,Five years preceding the survey,1,1,CHDIATCORS,,2014,DHS,2844,2953,,,
KEN,173322,Treatment of diarrhea: Recommended home fluids (RHF) at home,28.9,1,KE,Kenya,2014,KE2014DHS,CH_DIAT_C_RHF,94096030,I,1000,0,Total,Total,14000,Three years preceding the survey,1,0,CHDIATCRHF,,2014,DHS,2237,2327,,,
KEN,751864,Treatment of diarrhea: Recommended home fluids (RHF) at home,28.5,1,KE,Kenya,2014,KE2014DHS,CH_DIAT_C_RHF,94096030,I,1000,0,Total,Total,14001,Five years preceding the survey,1,1,CHDIATCRHF,,2014,DHS,2844,2953,,,
KEN,173326,Treatment of diarrhea: Either ORS or RHF,65.2,1,KE,Kenya,2014,KE2014DHS,CH_DIAT_C_ORT,94096040,I,1000,0,Total,Total,14000,Three years preceding the survey,1,0,CHDIATCORT,,2014,DHS,2237,2327,,,
KEN,751865,Treatment of diarrhea: Either ORS or RHF,64.6,1,KE,Kenya,2014,KE2014DHS,CH_DIAT_C_ORT,94096040,I,1000,0,Total,Total,14001,Five years preceding the survey,1,1,CHDIATCORT,,2014,DHS,2844,2953,,,
KEN,173338,Treatment of diarrhea: Zinc supplements,8.9,1,KE,Kenya,2014,KE2014DHS,CH_DIAT_C_ZNC,94096044,I,1000,0,Total,Total,14000,Three years preceding the survey,1,0,CHDIATCZNC,,2014,DHS,2237,2327,,,
KEN,751859,Treatment of diarrhea: Zinc supplements,8.1,1,KE,Kenya,2014,KE2014DHS,CH_DIAT_C_ZNC,94096044,I,1000,0,Total,Total,14001,Five years preceding the survey,1,1,CHDIATCZNC,,2014,DHS,2844,2953,,,
KEN,173330,Treatment of diarrhea: Increased fluids,20.8,1,KE,Kenya,2014,KE2014DHS,CH_DIAT_C_INC,94096050,I,1000,0,Total,Total,14000,Three years preceding the survey,1,0,CHDIATCINC,,2014,DHS,2237,2327,,,
KEN,751866,Treatment of diarrhea: Increased fluids,21.5,1,KE,Kenya,2014,KE2014DHS,CH_DIAT_C_INC,94096050,I,1000,0,Total,Total,14001,Five years preceding the survey,1,1,CHDIATCINC,,2014,DHS,2844,2953,,,
KEN,173331,Treatment of diarrhea: ORT or increased fluids,70.7,1,KE,Kenya,2014,KE2014DHS,CH_DIAT_C_ORI,94096060,I,1000,0,Total,Total,14000,Three years preceding the survey,1,0,CHDIATCORI,,2014,DHS,2237,2327,,,
KEN,751869,Treatment of diarrhea: ORT or increased fluids,70.6,1,KE,Kenya,2014,KE2014DHS,CH_DIAT_C_ORI,94096060,I,1000,0,Total,Total,14001,Five years preceding the survey,1,1,CHDIATCORI,,2014,DHS,2844,2953,,,
KEN,173324,"Treatment of diarrhea: No ORS, RHF or increased fluids",29.3,1,KE,Kenya,2014,KE2014DHS,CH_DIAT_C_NON,94096070,I,1000,0,Total,Total,14000,Three years preceding the survey,1,0,CHDIATCNON,,2014,DHS,2237,2327,,,
KEN,751874,"Treatment of diarrhea: No ORS, RHF or increased fluids",29.4,1,KE,Kenya,2014,KE2014DHS,CH_DIAT_C_NON,94096070,I,1000,0,Total,Total,14001,Five years preceding the survey,1,1,CHDIATCNON,,2014,DHS,2844,2953,,,
KEN,173336,Treatment of diarrhea: Antibiotics,15.8,1,KE,Kenya,2014,KE2014DHS,CH_DIAT_C_ABI,94096080,I,1000,0,Total,Total,14000,Three years preceding the survey,1,0,CHDIATCABI,,2014,DHS,2237,2327,,,
KEN,751858,Treatment of diarrhea: Antibiotics,15.9,1,KE,Kenya,2014,KE2014DHS,CH_DIAT_C_ABI,94096080,I,1000,0,Total,Total,14001,Five years preceding the survey,1,1,CHDIATCABI,,2014,DHS,2844,2953,,,
KEN,173332,Treatment of diarrhea: Antimotility drugs,1.3,1,KE,Kenya,2014,KE2014DHS,CH_DIAT_C_AMO,94096090,I,1000,0,Total,Total,14000,Three years preceding the survey,1,0,CHDIATCAMO,,2014,DHS,2237,2327,,,
KEN,751875,Treatment of diarrhea: Antimotility drugs,1.1,1,KE,Kenya,2014,KE2014DHS,CH_DIAT_C_AMO,94096090,I,1000,0,Total,Total,14001,Five years preceding the survey,1,1,CHDIATCAMO,,2014,DHS,2844,2953,,,
KEN,173333,Treatment of diarrhea: Intravenous solution,1.5,1,KE,Kenya,2014,KE2014DHS,CH_DIAT_C_IVS,94096110,I,1000,0,Total,Total,14000,Three years preceding the survey,1,0,CHDIATCIVS,,2014,DHS,2237,2327,,,
KEN,751870,Treatment of diarrhea: Intravenous solution,1.5,1,KE,Kenya,2014,KE2014DHS,CH_DIAT_C_IVS,94096110,I,1000,0,Total,Total,14001,Five years preceding the survey,1,1,CHDIATCIVS,,2014,DHS,2844,2953,,,
KEN,173334,Treatment of diarrhea: Injection,2,1,KE,Kenya,2014,KE2014DHS,CH_DIAT_C_INJ,94096120,I,1000,0,Total,Total,14000,Three years preceding the survey,1,0,CHDIATCINJ,,2014,DHS,2237,2327,,,
KEN,751871,Treatment of diarrhea: Injection,2.2,1,KE,Kenya,2014,KE2014DHS,CH_DIAT_C_INJ,94096120,I,1000,0,Total,Total,14001,Five years preceding the survey,1,1,CHDIATCINJ,,2014,DHS,2844,2953,,,
KEN,173335,Treatment of diarrhea: Home remedy - other,19.2,1,KE,Kenya,2014,KE2014DHS,CH_DIAT_C_HOM,94096130,I,1000,0,Total,Total,14000,Three years preceding the survey,1,0,CHDIATCHOM,,2014,DHS,2237,2327,,,
KEN,751872,Treatment of diarrhea: Home remedy - other,18.9,1,KE,Kenya,2014,KE2014DHS,CH_DIAT_C_HOM,94096130,I,1000,0,Total,Total,14001,Five years preceding the survey,1,1,CHDIATCHOM,,2014,DHS,2844,2953,,,
KEN,173345,Treatment of diarrhea: No treatment,18.2,1,KE,Kenya,2014,KE2014DHS,CH_DIAT_C_NOT,94096140,I,1000,0,Total,Total,14000,Three years preceding the survey,1,0,CHDIATCNOT,,2014,DHS,2237,2327,,,
KEN,751873,Treatment of diarrhea: No treatment,18.2,1,KE,Kenya,2014,KE2014DHS,CH_DIAT_C_NOT,94096140,I,1000,0,Total,Total,14001,Five years preceding the survey,1,1,CHDIATCNOT,,2014,DHS,2844,2953,,,
KEN,173344,Treatment of diarrhea: don't know or missing,0.2,1,KE,Kenya,2014,KE2014DHS,CH_DIAT_C_DKM,94096150,S,1000,0,Total,Total,14000,Three years preceding the survey,1,0,CHDIATCDKM,,2014,DHS,2237,2327,,,
KEN,751862,Treatment of diarrhea: don't know or missing,0.2,1,KE,Kenya,2014,KE2014DHS,CH_DIAT_C_DKM,94096150,S,1000,0,Total,Total,14001,Five years preceding the survey,1,1,CHDIATCDKM,,2014,DHS,2844,2953,,,
KEN,173343,Number of children born in the last five (or three) years,2237,0,KE,Kenya,2014,KE2014DHS,CH_DIAT_C_NUM,94096160,D,1000,0,Total,Total,14000,Three years preceding the survey,1,0,CHDIATCNUM,,2014,DHS,,2327,,,
KEN,753595,Number of children born in the last five (or three) years,2844,0,KE,Kenya,2014,KE2014DHS,CH_DIAT_C_NUM,94096160,D,1000,0,Total,Total,14001,Five years preceding the survey,1,1,CHDIATCNUM,,2014,DHS,,2953,,,
KEN,173347,Number of children born in the last five (or three) years (unweighted),2327,0,KE,Kenya,2014,KE2014DHS,CH_DIAT_C_UNW,94096170,U,1000,0,Total,Total,14000,Three years preceding the survey,1,0,CHDIATCUNW,,2014,DHS,2237,,,,
KEN,293770,Number of children born in the last five (or three) years (unweighted),2953,0,KE,Kenya,2014,KE2014DHS,CH_DIAT_C_UNW,94096170,U,1000,0,Total,Total,14001,Five years preceding the survey,1,1,CHDIATCUNW,,2014,DHS,2844,,,,
KEN,520058,Feeding practices during diarrhea: Increased amount of fluids,20.8,1,KE,Kenya,2014,KE2014DHS,CH_DIFP_C_LMR,94136010,I,1000,0,Total,Total,14000,Three years preceding the survey,1,0,CHDIFPCLMR,,2014,DHS,2237,2327,,,
KEN,173365,Feeding practices during diarrhea: Increased amount of fluids,21.5,1,KE,Kenya,2014,KE2014DHS,CH_DIFP_C_LMR,94136010,I,1000,0,Total,Total,14001,Five years preceding the survey,1,1,CHDIFPCLMR,,2014,DHS,2844,2953,,,
KEN,520052,Feeding practices during diarrhea: ORT and continued feeding,32.4,1,KE,Kenya,2014,KE2014DHS,CH_DIFP_C_FAL,94136015,I,1000,0,Total,Total,14000,Three years preceding the survey,1,0,CHDIFPCFAL,,2014,DHS,2237,2327,,,
KEN,173378,Feeding practices during diarrhea: ORT and continued feeding,34.2,1,KE,Kenya,2014,KE2014DHS,CH_DIFP_C_FAL,94136015,I,1000,0,Total,Total,14001,Five years preceding the survey,1,1,CHDIFPCFAL,,2014,DHS,2844,2953,,,
KEN,520067,Feeding practices during diarrhea: Same amount of fluids,36.8,1,KE,Kenya,2014,KE2014DHS,CH_DIFP_C_LSM,94136020,I,1000,0,Total,Total,14000,Three years preceding the survey,1,0,CHDIFPCLSM,,2014,DHS,2237,2327,,,
KEN,173372,Feeding practices during diarrhea: Same amount of fluids,36.9,1,KE,Kenya,2014,KE2014DHS,CH_DIFP_C_LSM,94136020,I,1000,0,Total,Total,14001,Five years preceding the survey,1,1,CHDIFPCLSM,,2014,DHS,2844,2953,,,
KEN,520068,Feeding practices during diarrhea: Somewhat less fluids,24.2,1,KE,Kenya,2014,KE2014DHS,CH_DIFP_C_LLS,94136030,I,1000,0,Total,Total,14000,Three years preceding the survey,1,0,CHDIFPCLLS,,2014,DHS,2237,2327,,,
KEN,173373,Feeding practices during diarrhea: Somewhat less fluids,24.5,1,KE,Kenya,2014,KE2014DHS,CH_DIFP_C_LLS,94136030,I,1000,0,Total,Total,14001,Five years preceding the survey,1,1,CHDIFPCLLS,,2014,DHS,2844,2953,,,
KEN,520069,Feeding practices during diarrhea: Much less fluids,14.8,1,KE,Kenya,2014,KE2014DHS,CH_DIFP_C_LML,94136040,I,1000,0,Total,Total,14000,Three years preceding the survey,1,0,CHDIFPCLML,,2014,DHS,2237,2327,,,
KEN,173374,Feeding practices during diarrhea: Much less fluids,14.3,1,KE,Kenya,2014,KE2014DHS,CH_DIFP_C_LML,94136040,I,1000,0,Total,Total,14001,Five years preceding the survey,1,1,CHDIFPCLML,,2014,DHS,2844,2953,,,
KEN,520059,Feeding practices during diarrhea: Stopped fluids completely,3,1,KE,Kenya,2014,KE2014DHS,CH_DIFP_C_LNO,94136060,I,1000,0,Total,Total,14000,Three years preceding the survey,1,0,CHDIFPCLNO,,2014,DHS,2237,2327,,,
KEN,173366,Feeding practices during diarrhea: Stopped fluids completely,2.4,1,KE,Kenya,2014,KE2014DHS,CH_DIFP_C_LNO,94136060,I,1000,0,Total,Total,14001,Five years preceding the survey,1,1,CHDIFPCLNO,,2014,DHS,2844,2953,,,
KEN,520053,Feeding practices during diarrhea: don't know or missing on fluids given,0.3,1,KE,Kenya,2014,KE2014DHS,CH_DIFP_C_LDK,94136070,S,1000,0,Total,Total,14000,Three years preceding the survey,1,0,CHDIFPCLDK,,2014,DHS,2237,2327,,,
KEN,173386,Feeding practices during diarrhea: don't know or missing on fluids given,0.3,1,KE,Kenya,2014,KE2014DHS,CH_DIFP_C_LDK,94136070,S,1000,0,Total,Total,14001,Five years preceding the survey,1,1,CHDIFPCLDK,,2014,DHS,2844,2953,,,
KEN,520060,Feeding practices during diarrhea: Total,100,1,KE,Kenya,2014,KE2014DHS,CH_DIFP_C_LTO,94136080,T,1000,0,Total,Total,14000,Three years preceding the survey,1,0,CHDIFPCLTO,,2014,DHS,2237,2327,,,
KEN,173367,Feeding practices during diarrhea: Total,100,1,KE,Kenya,2014,KE2014DHS,CH_DIFP_C_LTO,94136080,T,1000,0,Total,Total,14001,Five years preceding the survey,1,1,CHDIFPCLTO,,2014,DHS,2844,2953,,,
KEN,520054,Feeding practices during diarrhea: Increased amount of food,3.1,1,KE,Kenya,2014,KE2014DHS,CH_DIFP_C_FMR,94136090,I,1000,0,Total,Total,14000,Three years preceding the survey,1,0,CHDIFPCFMR,,2014,DHS,2237,2327,,,
KEN,173387,Feeding practices during diarrhea: Increased amount of food,3,1,KE,Kenya,2014,KE2014DHS,CH_DIFP_C_FMR,94136090,I,1000,0,Total,Total,14001,Five years preceding the survey,1,1,CHDIFPCFMR,,2014,DHS,2844,2953,,,
KEN,520063,Feeding practices during diarrhea: Same amount of food,28.7,1,KE,Kenya,2014,KE2014DHS,CH_DIFP_C_FSM,94136100,I,1000,0,Total,Total,14000,Three years preceding the survey,1,0,CHDIFPCFSM,,2014,DHS,2237,2327,,,
KEN,173368,Feeding practices during diarrhea: Same amount of food,31.7,1,KE,Kenya,2014,KE2014DHS,CH_DIFP_C_FSM,94136100,I,1000,0,Total,Total,14001,Five years preceding the survey,1,1,CHDIFPCFSM,,2014,DHS,2844,2953,,,
KEN,520064,Feeding practices during diarrhea: Somewhat less food,29.7,1,KE,Kenya,2014,KE2014DHS,CH_DIFP_C_FLS,94136110,I,1000,0,Total,Total,14000,Three years preceding the survey,1,0,CHDIFPCFLS,,2014,DHS,2237,2327,,,
KEN,173369,Feeding practices during diarrhea: Somewhat less food,30.6,1,KE,Kenya,2014,KE2014DHS,CH_DIFP_C_FLS,94136110,I,1000,0,Total,Total,14001,Five years preceding the survey,1,1,CHDIFPCFLS,,2014,DHS,2844,2953,,,
KEN,520065,Feeding practices during diarrhea: Much less food,18.5,1,KE,Kenya,2014,KE2014DHS,CH_DIFP_C_FML,94136120,I,1000,0,Total,Total,14000,Three years preceding the survey,1,0,CHDIFPCFML,,2014,DHS,2237,2327,,,
KEN,173370,Feeding practices during diarrhea: Much less food,18,1,KE,Kenya,2014,KE2014DHS,CH_DIFP_C_FML,94136120,I,1000,0,Total,Total,14001,Five years preceding the survey,1,1,CHDIFPCFML,,2014,DHS,2844,2953,,,
KEN,520066,Feeding practices during diarrhea: Stopped food completely,8,1,KE,Kenya,2014,KE2014DHS,CH_DIFP_C_FNO,94136140,I,1000,0,Total,Total,14000,Three years preceding the survey,1,0,CHDIFPCFNO,,2014,DHS,2237,2327,,,
KEN,173371,Feeding practices during diarrhea: Stopped food completely,7.2,1,KE,Kenya,2014,KE2014DHS,CH_DIFP_C_FNO,94136140,I,1000,0,Total,Total,14001,Five years preceding the survey,1,1,CHDIFPCFNO,,2014,DHS,2844,2953,,,
KEN,520061,Feeding practices during diarrhea: Never gave food,11.9,1,KE,Kenya,2014,KE2014DHS,CH_DIFP_C_FNV,94136150,I,1000,0,Total,Total,14000,Three years preceding the survey,1,0,CHDIFPCFNV,,2014,DHS,2237,2327,,,
KEN,173376,Feeding practices during diarrhea: Never gave food,9.4,1,KE,Kenya,2014,KE2014DHS,CH_DIFP_C_FNV,94136150,I,1000,0,Total,Total,14001,Five years preceding the survey,1,1,CHDIFPCFNV,,2014,DHS,2844,2953,,,
KEN,520055,Feeding practices during diarrhea: don't know or missing on food given,0.1,1,KE,Kenya,2014,KE2014DHS,CH_DIFP_C_FDK,94136160,S,1000,0,Total,Total,14000,Three years preceding the survey,1,0,CHDIFPCFDK,,2014,DHS,2237,2327,,,
KEN,173388,Feeding practices during diarrhea: don't know or missing on food given,0.1,1,KE,Kenya,2014,KE2014DHS,CH_DIFP_C_FDK,94136160,S,1000,0,Total,Total,14001,Five years preceding the survey,1,1,CHDIFPCFDK,,2014,DHS,2844,2953,,,
KEN,520062,Feeding practices during diarrhea: Total,100,1,KE,Kenya,2014,KE2014DHS,CH_DIFP_C_FTO,94136170,T,1000,0,Total,Total,14000,Three years preceding the survey,1,0,CHDIFPCFTO,,2014,DHS,2237,2327,,,
KEN,173377,Feeding practices during diarrhea: Total,100,1,KE,Kenya,2014,KE2014DHS,CH_DIFP_C_FTO,94136170,T,1000,0,Total,Total,14001,Five years preceding the survey,1,1,CHDIFPCFTO,,2014,DHS,2844,2953,,,
KEN,520056,Feeding practices during diarrhea: Given increased fluids and continued feeding,13.7,1,KE,Kenya,2014,KE2014DHS,CH_DIFP_C_FCF,94136180,I,1000,0,Total,Total,14000,Three years preceding the survey,1,0,CHDIFPCFCF,,2014,DHS,2237,2327,,,
KEN,173389,Feeding practices during diarrhea: Given increased fluids and continued feeding,14.9,1,KE,Kenya,2014,KE2014DHS,CH_DIFP_C_FCF,94136180,I,1000,0,Total,Total,14001,Five years preceding the survey,1,1,CHDIFPCFCF,,2014,DHS,2844,2953,,,
KEN,520051,"Feeding practices during diarrhea: Continued feeding, and ORT and/or increased fluids",42.9,1,KE,Kenya,2014,KE2014DHS,CH_DIFP_C_FAL,94136190,I,1000,0,Total,Total,14000,Three years preceding the survey,1,0,CHDIFPCFAL,,2014,DHS,2237,2327,,,
KEN,173375,"Feeding practices during diarrhea: Continued feeding, and ORT and/or increased fluids",45.1,1,KE,Kenya,2014,KE2014DHS,CH_DIFP_C_FAL,94136190,I,1000,0,Total,Total,14001,Five years preceding the survey,1,1,CHDIFPCFAL,,2014,DHS,2844,2953,,,
KEN,530391,Number of children born in the last five (or three) years who had diarrhea in the last two weeks,2237,0,KE,Kenya,2014,KE2014DHS,CH_DIFP_C_NUM,94136200,D,1000,0,Total,Total,14000,Three years preceding the survey,1,0,CHDIFPCNUM,,2014,DHS,,2327,,,
KEN,173379,Number of children born in the last five (or three) years who had diarrhea in the last two weeks,2844,0,KE,Kenya,2014,KE2014DHS,CH_DIFP_C_NUM,94136200,D,1000,0,Total,Total,14001,Five years preceding the survey,1,1,CHDIFPCNUM,,2014,DHS,,2953,,,
KEN,300229,Number of children born in the last five (or three) years who had diarrhea in the last two weeks (unweighted),2327,0,KE,Kenya,2014,KE2014DHS,CH_DIFP_C_UNW,94136210,U,1000,0,Total,Total,14000,Three years preceding the survey,1,0,CHDIFPCUNW,,2014,DHS,2237,,,,
KEN,173380,Number of children born in the last five (or three) years who had diarrhea in the last two weeks (unweighted),2953,0,KE,Kenya,2014,KE2014DHS,CH_DIFP_C_UNW,94136210,U,1000,0,Total,Total,14001,Five years preceding the survey,1,1,CHDIFPCUNW,,2014,DHS,2844,,,,
KEN,761120,Knowledge of ORS,92.4,1,KE,Kenya,2014,KE2014DHS,CH_KORS_W_ORS,94163010,I,1000,0,Total,Total,14000,Three years preceding the survey,1,0,CHKORSWORS,,2014,DHS,10378,11005,,,
KEN,173384,Knowledge of ORS,92.8,1,KE,Kenya,2014,KE2014DHS,CH_KORS_W_ORS,94163010,I,1000,0,Total,Total,14001,Five years preceding the survey,1,1,CHKORSWORS,,2014,DHS,14442,14949,,,
KEN,762766,Number of women with a live birth in the last five years,10378,0,KE,Kenya,2014,KE2014DHS,CH_KORS_W_NUM,94163020,D,1000,0,Total,Total,14000,Three years preceding the survey,1,0,CHKORSWNUM,,2014,DHS,,11005,,,
KEN,173393,Number of women with a live birth in the last five years,14442,0,KE,Kenya,2014,KE2014DHS,CH_KORS_W_NUM,94163020,D,1000,0,Total,Total,14001,Five years preceding the survey,1,1,CHKORSWNUM,,2014,DHS,,14949,,,
KEN,265307,Number of women with a live birth in the last five years (unweighted),11005,0,KE,Kenya,2014,KE2014DHS,CH_KORS_W_UNW,94163030,U,1000,0,Total,Total,14000,Three years preceding the survey,1,0,CHKORSWUNW,,2014,DHS,7,,,,
KEN,173392,Number of women with a live birth in the last five years (unweighted),14949,0,KE,Kenya,2014,KE2014DHS,CH_KORS_W_UNW,94163030,U,1000,0,Total,Total,14001,Five years preceding the survey,1,1,CHKORSWUNW,,2014,DHS,18,,,,
KEN,781149,Children with diarrhea,18.5,1,KE,Kenya,2022,KE2022DHS,CH_DIAR_C_DIA,94066010,I,1000,0,Total,Total,14000,Three years preceding the survey,1,0,CHDIARCDIA,,2022,DHS,10127,11343,,,
KEN,166331,Children with diarrhea,14.3,1,KE,Kenya,2022,KE2022DHS,CH_DIAR_C_DIA,94066010,I,1000,0,Total,Total,14001,Five years preceding the survey,1,1,CHDIARCDIA,,2022,DHS,16883,18836,,,
KEN,783136,Number of children born in the last five (or three) years,10127,0,KE,Kenya,2022,KE2022DHS,CH_DIAR_C_NUM,94066030,D,1000,0,Total,Total,14000,Three years preceding the survey,1,0,CHDIARCNUM,,2022,DHS,,11343,,,
KEN,166332,Number of children born in the last five (or three) years,16883,0,KE,Kenya,2022,KE2022DHS,CH_DIAR_C_NUM,94066030,D,1000,0,Total,Total,14001,Five years preceding the survey,1,1,CHDIARCNUM,,2022,DHS,,18836,,,
KEN,258714,Number of children born in the last five (or three) years (unweighted),11343,0,KE,Kenya,2022,KE2022DHS,CH_DIAR_C_UNW,94066040,U,1000,0,Total,Total,14000,Three years preceding the survey,1,0,CHDIARCUNW,,2022,DHS,10127,,,,
KEN,166330,Number of children born in the last five (or three) years (unweighted),18836,0,KE,Kenya,2022,KE2022DHS,CH_DIAR_C_UNW,94066040,U,1000,0,Total,Total,14001,Five years preceding the survey,1,1,CHDIARCUNW,,2022,DHS,16883,,,,
KEN,404945,Treatment of diarrhea: Advice or treatment was sought,57.4,1,KE,Kenya,2022,KE2022DHS,CH_DIAT_C_ADV,94096010,I,1000,0,Total,Total,14000,Three years preceding the survey,1,0,CHDIATCADV,,2022,DHS,1872,2046,,,
KEN,483289,Treatment of diarrhea: Advice or treatment was sought,58.1,1,KE,Kenya,2022,KE2022DHS,CH_DIAT_C_ADV,94096010,I,1000,0,Total,Total,14001,Five years preceding the survey,1,1,CHDIATCADV,,2022,DHS,2416,2637,,,
KEN,404951,Treatment of diarrhea: Oral rehydration solution (ORS),49.2,1,KE,Kenya,2022,KE2022DHS,CH_DIAT_C_ORS,94096020,I,1000,0,Total,Total,14000,Three years preceding the survey,1,0,CHDIATCORS,,2022,DHS,1872,2046,,,
KEN,483280,Treatment of diarrhea: Oral rehydration solution (ORS),48.3,1,KE,Kenya,2022,KE2022DHS,CH_DIAT_C_ORS,94096020,I,1000,0,Total,Total,14001,Five years preceding the survey,1,1,CHDIATCORS,,2022,DHS,2416,2637,,,
KEN,404954,Treatment of diarrhea: Recommended home fluids (RHF) at home,25.2,1,KE,Kenya,2022,KE2022DHS,CH_DIAT_C_RHF,94096030,I,1000,0,Total,Total,14000,Three years preceding the survey,1,0,CHDIATCRHF,,2022,DHS,1872,2046,,,
KEN,483281,Treatment of diarrhea: Recommended home fluids (RHF) at home,25.7,1,KE,Kenya,2022,KE2022DHS,CH_DIAT_C_RHF,94096030,I,1000,0,Total,Total,14001,Five years preceding the survey,1,1,CHDIATCRHF,,2022,DHS,2416,2637,,,
KEN,404955,Treatment of diarrhea: Either ORS or RHF,60.2,1,KE,Kenya,2022,KE2022DHS,CH_DIAT_C_ORT,94096040,I,1000,0,Total,Total,14000,Three years preceding the survey,1,0,CHDIATCORT,,2022,DHS,1872,2046,,,
KEN,483282,Treatment of diarrhea: Either ORS or RHF,59.7,1,KE,Kenya,2022,KE2022DHS,CH_DIAT_C_ORT,94096040,I,1000,0,Total,Total,14001,Five years preceding the survey,1,1,CHDIATCORT,,2022,DHS,2416,2637,,,
KEN,404947,Treatment of diarrhea: Zinc supplements,40.2,1,KE,Kenya,2022,KE2022DHS,CH_DIAT_C_ZNC,94096044,I,1000,0,Total,Total,14000,Three years preceding the survey,1,0,CHDIATCZNC,,2022,DHS,1872,2046,,,
KEN,483291,Treatment of diarrhea: Zinc supplements,39.5,1,KE,Kenya,2022,KE2022DHS,CH_DIAT_C_ZNC,94096044,I,1000,0,Total,Total,14001,Five years preceding the survey,1,1,CHDIATCZNC,,2022,DHS,2416,2637,,,
KEN,404942,Treatment of diarrhea: Increased fluids,27.3,1,KE,Kenya,2022,KE2022DHS,CH_DIAT_C_INC,94096050,I,1000,0,Total,Total,14000,Three years preceding the survey,1,0,CHDIATCINC,,2022,DHS,1872,2046,,,
KEN,483283,Treatment of diarrhea: Increased fluids,28.3,1,KE,Kenya,2022,KE2022DHS,CH_DIAT_C_INC,94096050,I,1000,0,Total,Total,14001,Five years preceding the survey,1,1,CHDIATCINC,,2022,DHS,2416,2637,,,
KEN,404943,Treatment of diarrhea: ORT or increased fluids,70.4,1,KE,Kenya,2022,KE2022DHS,CH_DIAT_C_ORI,94096060,I,1000,0,Total,Total,14000,Three years preceding the survey,1,0,CHDIATCORI,,2022,DHS,1872,2046,,,
KEN,483284,Treatment of diarrhea: ORT or increased fluids,70.4,1,KE,Kenya,2022,KE2022DHS,CH_DIAT_C_ORI,94096060,I,1000,0,Total,Total,14001,Five years preceding the survey,1,1,CHDIATCORI,,2022,DHS,2416,2637,,,
KEN,404933,"Treatment of diarrhea: No ORS, RHF or increased fluids",29.6,1,KE,Kenya,2022,KE2022DHS,CH_DIAT_C_NON,94096070,I,1000,0,Total,Total,14000,Three years preceding the survey,1,0,CHDIATCNON,,2022,DHS,1872,2046,,,
KEN,483278,"Treatment of diarrhea: No ORS, RHF or increased fluids",29.6,1,KE,Kenya,2022,KE2022DHS,CH_DIAT_C_NON,94096070,I,1000,0,Total,Total,14001,Five years preceding the survey,1,1,CHDIATCNON,,2022,DHS,2416,2637,,,
KEN,404946,Treatment of diarrhea: Antibiotics,12.7,1,KE,Kenya,2022,KE2022DHS,CH_DIAT_C_ABI,94096080,I,1000,0,Total,Total,14000,Three years preceding the survey,1,0,CHDIATCABI,,2022,DHS,1872,2046,,,
KEN,483290,Treatment of diarrhea: Antibiotics,14.3,1,KE,Kenya,2022,KE2022DHS,CH_DIAT_C_ABI,94096080,I,1000,0,Total,Total,14001,Five years preceding the survey,1,1,CHDIATCABI,,2022,DHS,2416,2637,,,
KEN,404934,Treatment of diarrhea: Antimotility drugs,2.4,1,KE,Kenya,2022,KE2022DHS,CH_DIAT_C_AMO,94096090,I,1000,0,Total,Total,14000,Three years preceding the survey,1,0,CHDIATCAMO,,2022,DHS,1872,2046,,,
KEN,483279,Treatment of diarrhea: Antimotility drugs,2.6,1,KE,Kenya,2022,KE2022DHS,CH_DIAT_C_AMO,94096090,I,1000,0,Total,Total,14001,Five years preceding the survey,1,1,CHDIATCAMO,,2022,DHS,2416,2637,,,
KEN,404950,Treatment of diarrhea: Intravenous solution,0.1,1,KE,Kenya,2022,KE2022DHS,CH_DIAT_C_IVS,94096110,I,1000,0,Total,Total,14000,Three years preceding the survey,1,0,CHDIATCIVS,,2022,DHS,1872,2046,,,
KEN,483285,Treatment of diarrhea: Intravenous solution,0.3,1,KE,Kenya,2022,KE2022DHS,CH_DIAT_C_IVS,94096110,I,1000,0,Total,Total,14001,Five years preceding the survey,1,1,CHDIATCIVS,,2022,DHS,2416,2637,,,
KEN,404938,Treatment of diarrhea: Injection,0.6,1,KE,Kenya,2022,KE2022DHS,CH_DIAT_C_INJ,94096120,I,1000,0,Total,Total,14000,Three years preceding the survey,1,0,CHDIATCINJ,,2022,DHS,1872,2046,,,
KEN,483286,Treatment of diarrhea: Injection,0.5,1,KE,Kenya,2022,KE2022DHS,CH_DIAT_C_INJ,94096120,I,1000,0,Total,Total,14001,Five years preceding the survey,1,1,CHDIATCINJ,,2022,DHS,2416,2637,,,
KEN,404939,Treatment of diarrhea: Home remedy - other,7.1,1,KE,Kenya,2022,KE2022DHS,CH_DIAT_C_HOM,94096130,I,1000,0,Total,Total,14000,Three years preceding the survey,1,0,CHDIATCHOM,,2022,DHS,1872,2046,,,
KEN,483287,Treatment of diarrhea: Home remedy - other,7.9,1,KE,Kenya,2022,KE2022DHS,CH_DIAT_C_HOM,94096130,I,1000,0,Total,Total,14001,Five years preceding the survey,1,1,CHDIATCHOM,,2022,DHS,2416,2637,,,
KEN,404940,Treatment of diarrhea: No treatment,19.5,1,KE,Kenya,2022,KE2022DHS,CH_DIAT_C_NOT,94096140,I,1000,0,Total,Total,14000,Three years preceding the survey,1,0,CHDIATCNOT,,2022,DHS,1872,2046,,,
KEN,483288,Treatment of diarrhea: No treatment,18.6,1,KE,Kenya,2022,KE2022DHS,CH_DIAT_C_NOT,94096140,I,1000,0,Total,Total,14001,Five years preceding the survey,1,1,CHDIATCNOT,,2022,DHS,2416,2637,,,
KEN,404941,Treatment of diarrhea: don't know or missing,0.2,1,KE,Kenya,2022,KE2022DHS,CH_DIAT_C_DKM,94096150,S,1000,0,Total,Total,14000,Three years preceding the survey,1,0,CHDIATCDKM,,2022,DHS,1872,2046,,,
KEN,483295,Treatment of diarrhea: don't know or missing,0.2,1,KE,Kenya,2022,KE2022DHS,CH_DIAT_C_DKM,94096150,S,1000,0,Total,Total,14001,Five years preceding the survey,1,1,CHDIATCDKM,,2022,DHS,2416,2637,,,
KEN,415621,Number of children born in the last five (or three) years,1872,0,KE,Kenya,2022,KE2022DHS,CH_DIAT_C_NUM,94096160,D,1000,0,Total,Total,14000,Three years preceding the survey,1,0,CHDIATCNUM,,2022,DHS,,2046,,,
KEN,490885,Number of children born in the last five (or three) years,2416,0,KE,Kenya,2022,KE2022DHS,CH_DIAT_C_NUM,94096160,D,1000,0,Total,Total,14001,Five years preceding the survey,1,1,CHDIATCNUM,,2022,DHS,,2637,,,
KEN,339505,Number of children born in the last five (or three) years (unweighted),2046,0,KE,Kenya,2022,KE2022DHS,CH_DIAT_C_UNW,94096170,U,1000,0,Total,Total,14000,Three years preceding the survey,1,0,CHDIATCUNW,,2022,DHS,1872,,,,
KEN,320433,Number of children born in the last five (or three) years (unweighted),2637,0,KE,Kenya,2022,KE2022DHS,CH_DIAT_C_UNW,94096170,U,1000,0,Total,Total,14001,Five years preceding the survey,1,1,CHDIATCUNW,,2022,DHS,2416,,,,
KEN,544425,Feeding practices during diarrhea: Increased amount of fluids,27.3,1,KE,Kenya,2022,KE2022DHS,CH_DIFP_C_LMR,94136010,I,1000,0,Total,Total,14000,Three years preceding the survey,1,0,CHDIFPCLMR,,2022,DHS,1872,2046,,,
KEN,166348,Feeding practices during diarrhea: Increased amount of fluids,28.3,1,KE,Kenya,2022,KE2022DHS,CH_DIFP_C_LMR,94136010,I,1000,0,Total,Total,14001,Five years preceding the survey,1,1,CHDIFPCLMR,,2022,DHS,2416,2637,,,
KEN,544410,Feeding practices during diarrhea: ORT and continued feeding,30.5,1,KE,Kenya,2022,KE2022DHS,CH_DIFP_C_FAL,94136015,I,1000,0,Total,Total,14000,Three years preceding the survey,1,0,CHDIFPCFAL,,2022,DHS,1872,2046,,,
KEN,166361,Feeding practices during diarrhea: ORT and continued feeding,31.1,1,KE,Kenya,2022,KE2022DHS,CH_DIFP_C_FAL,94136015,I,1000,0,Total,Total,14001,Five years preceding the survey,1,1,CHDIFPCFAL,,2022,DHS,2416,2637,,,
KEN,544424,Feeding practices during diarrhea: Same amount of fluids,35.9,1,KE,Kenya,2022,KE2022DHS,CH_DIFP_C_LSM,94136020,I,1000,0,Total,Total,14000,Three years preceding the survey,1,0,CHDIFPCLSM,,2022,DHS,1872,2046,,,
KEN,166352,Feeding practices during diarrhea: Same amount of fluids,35.6,1,KE,Kenya,2022,KE2022DHS,CH_DIFP_C_LSM,94136020,I,1000,0,Total,Total,14001,Five years preceding the survey,1,1,CHDIFPCLSM,,2022,DHS,2416,2637,,,
KEN,544407,Feeding practices during diarrhea: Somewhat less fluids,18,1,KE,Kenya,2022,KE2022DHS,CH_DIFP_C_LLS,94136030,I,1000,0,Total,Total,14000,Three years preceding the survey,1,0,CHDIFPCLLS,,2022,DHS,1872,2046,,,
KEN,166353,Feeding practices during diarrhea: Somewhat less fluids,17.9,1,KE,Kenya,2022,KE2022DHS,CH_DIFP_C_LLS,94136030,I,1000,0,Total,Total,14001,Five years preceding the survey,1,1,CHDIFPCLLS,,2022,DHS,2416,2637,,,
KEN,544408,Feeding practices during diarrhea: Much less fluids,15.4,1,KE,Kenya,2022,KE2022DHS,CH_DIFP_C_LML,94136040,I,1000,0,Total,Total,14000,Three years preceding the survey,1,0,CHDIFPCLML,,2022,DHS,1872,2046,,,
KEN,166354,Feeding practices during diarrhea: Much less fluids,15,1,KE,Kenya,2022,KE2022DHS,CH_DIFP_C_LML,94136040,I,1000,0,Total,Total,14001,Five years preceding the survey,1,1,CHDIFPCLML,,2022,DHS,2416,2637,,,
KEN,544403,Feeding practices during diarrhea: Stopped fluids completely,3.2,1,KE,Kenya,2022,KE2022DHS,CH_DIFP_C_LNO,94136060,I,1000,0,Total,Total,14000,Three years preceding the survey,1,0,CHDIFPCLNO,,2022,DHS,1872,2046,,,
KEN,166349,Feeding practices during diarrhea: Stopped fluids completely,2.7,1,KE,Kenya,2022,KE2022DHS,CH_DIFP_C_LNO,94136060,I,1000,0,Total,Total,14001,Five years preceding the survey,1,1,CHDIFPCLNO,,2022,DHS,2416,2637,,,
KEN,544420,Feeding practices during diarrhea: don't know or missing on fluids given,0.3,1,KE,Kenya,2022,KE2022DHS,CH_DIFP_C_LDK,94136070,S,1000,0,Total,Total,14000,Three years preceding the survey,1,0,CHDIFPCLDK,,2022,DHS,1872,2046,,,
KEN,166355,Feeding practices during diarrhea: don't know or missing on fluids given,0.5,1,KE,Kenya,2022,KE2022DHS,CH_DIFP_C_LDK,94136070,S,1000,0,Total,Total,14001,Five years preceding the survey,1,1,CHDIFPCLDK,,2022,DHS,2416,2637,,,
KEN,544404,Feeding practices during diarrhea: Total,100,1,KE,Kenya,2022,KE2022DHS,CH_DIFP_C_LTO,94136080,T,1000,0,Total,Total,14000,Three years preceding the survey,1,0,CHDIFPCLTO,,2022,DHS,1872,2046,,,
KEN,166350,Feeding practices during diarrhea: Total,100,1,KE,Kenya,2022,KE2022DHS,CH_DIFP_C_LTO,94136080,T,1000,0,Total,Total,14001,Five years preceding the survey,1,1,CHDIFPCLTO,,2022,DHS,2416,2637,,,
KEN,544421,Feeding practices during diarrhea: Increased amount of food,3,1,KE,Kenya,2022,KE2022DHS,CH_DIFP_C_FMR,94136090,I,1000,0,Total,Total,14000,Three years preceding the survey,1,0,CHDIFPCFMR,,2022,DHS,1872,2046,,,
KEN,166366,Feeding practices during diarrhea: Increased amount of food,3.1,1,KE,Kenya,2022,KE2022DHS,CH_DIFP_C_FMR,94136090,I,1000,0,Total,Total,14001,Five years preceding the survey,1,1,CHDIFPCFMR,,2022,DHS,2416,2637,,,
KEN,544411,Feeding practices during diarrhea: Same amount of food,30.6,1,KE,Kenya,2022,KE2022DHS,CH_DIFP_C_FSM,94136100,I,1000,0,Total,Total,14000,Three years preceding the survey,1,0,CHDIFPCFSM,,2022,DHS,1872,2046,,,
KEN,166356,Feeding practices during diarrhea: Same amount of food,32.7,1,KE,Kenya,2022,KE2022DHS,CH_DIFP_C_FSM,94136100,I,1000,0,Total,Total,14001,Five years preceding the survey,1,1,CHDIFPCFSM,,2022,DHS,2416,2637,,,
KEN,544417,Feeding practices during diarrhea: Somewhat less food,26.6,1,KE,Kenya,2022,KE2022DHS,CH_DIFP_C_FLS,94136110,I,1000,0,Total,Total,14000,Three years preceding the survey,1,0,CHDIFPCFLS,,2022,DHS,1872,2046,,,
KEN,166357,Feeding practices during diarrhea: Somewhat less food,27.6,1,KE,Kenya,2022,KE2022DHS,CH_DIFP_C_FLS,94136110,I,1000,0,Total,Total,14001,Five years preceding the survey,1,1,CHDIFPCFLS,,2022,DHS,2416,2637,,,
KEN,544418,Feeding practices during diarrhea: Much less food,21.5,1,KE,Kenya,2022,KE2022DHS,CH_DIFP_C_FML,94136120,I,1000,0,Total,Total,14000,Three years preceding the survey,1,0,CHDIFPCFML,,2022,DHS,1872,2046,,,
KEN,166358,Feeding practices during diarrhea: Much less food,20.8,1,KE,Kenya,2022,KE2022DHS,CH_DIFP_C_FML,94136120,I,1000,0,Total,Total,14001,Five years preceding the survey,1,1,CHDIFPCFML,,2022,DHS,2416,2637,,,
KEN,544419,Feeding practices during diarrhea: Stopped food completely,5.3,1,KE,Kenya,2022,KE2022DHS,CH_DIFP_C_FNO,94136140,I,1000,0,Total,Total,14000,Three years preceding the survey,1,0,CHDIFPCFNO,,2022,DHS,1872,2046,,,
KEN,166365,Feeding practices during diarrhea: Stopped food completely,5.1,1,KE,Kenya,2022,KE2022DHS,CH_DIFP_C_FNO,94136140,I,1000,0,Total,Total,14001,Five years preceding the survey,1,1,CHDIFPCFNO,,2022,DHS,2416,2637,,,
KEN,544405,Feeding practices during diarrhea: Never gave food,12.7,1,KE,Kenya,2022,KE2022DHS,CH_DIFP_C_FNV,94136150,I,1000,0,Total,Total,14000,Three years preceding the survey,1,0,CHDIFPCFNV,,2022,DHS,1872,2046,,,
KEN,166363,Feeding practices during diarrhea: Never gave food,10.2,1,KE,Kenya,2022,KE2022DHS,CH_DIFP_C_FNV,94136150,I,1000,0,Total,Total,14001,Five years preceding the survey,1,1,CHDIFPCFNV,,2022,DHS,2416,2637,,,
KEN,544422,Feeding practices during diarrhea: don't know or missing on food given,0.3,1,KE,Kenya,2022,KE2022DHS,CH_DIFP_C_FDK,94136160,S,1000,0,Total,Total,14000,Three years preceding the survey,1,0,CHDIFPCFDK,,2022,DHS,1872,2046,,,
KEN,166367,Feeding practices during diarrhea: don't know or missing on food given,0.5,1,KE,Kenya,2022,KE2022DHS,CH_DIFP_C_FDK,94136160,S,1000,0,Total,Total,14001,Five years preceding the survey,1,1,CHDIFPCFDK,,2022,DHS,2416,2637,,,
KEN,544406,Feeding practices during diarrhea: Total,100,1,KE,Kenya,2022,KE2022DHS,CH_DIFP_C_FTO,94136170,T,1000,0,Total,Total,14000,Three years preceding the survey,1,0,CHDIFPCFTO,,2022,DHS,1872,2046,,,
KEN,166364,Feeding practices during diarrhea: Total,100,1,KE,Kenya,2022,KE2022DHS,CH_DIFP_C_FTO,94136170,T,1000,0,Total,Total,14001,Five years preceding the survey,1,1,CHDIFPCFTO,,2022,DHS,2416,2637,,,
KEN,544423,Feeding practices during diarrhea: Given increased fluids and continued feeding,17.6,1,KE,Kenya,2022,KE2022DHS,CH_DIFP_C_FCF,94136180,I,1000,0,Total,Total,14000,Three years preceding the survey,1,0,CHDIFPCFCF,,2022,DHS,1872,2046,,,
KEN,166368,Feeding practices during diarrhea: Given increased fluids and continued feeding,18.9,1,KE,Kenya,2022,KE2022DHS,CH_DIFP_C_FCF,94136180,I,1000,0,Total,Total,14001,Five years preceding the survey,1,1,CHDIFPCFCF,,2022,DHS,2416,2637,,,
KEN,544409,"Feeding practices during diarrhea: Continued feeding, and ORT and/or increased fluids",44,1,KE,Kenya,2022,KE2022DHS,CH_DIFP_C_FAL,94136190,I,1000,0,Total,Total,14000,Three years preceding the survey,1,0,CHDIFPCFAL,,2022,DHS,1872,2046,,,
KEN,166360,"Feeding practices during diarrhea: Continued feeding, and ORT and/or increased fluids",45.8,1,KE,Kenya,2022,KE2022DHS,CH_DIFP_C_FAL,94136190,I,1000,0,Total,Total,14001,Five years preceding the survey,1,1,CHDIFPCFAL,,2022,DHS,2416,2637,,,
KEN,556307,Number of children born in the last five (or three) years who had diarrhea in the last two weeks,1872,0,KE,Kenya,2022,KE2022DHS,CH_DIFP_C_NUM,94136200,D,1000,0,Total,Total,14000,Three years preceding the survey,1,0,CHDIFPCNUM,,2022,DHS,,2046,,,
KEN,166359,Number of children born in the last five (or three) years who had diarrhea in the last two weeks,2416,0,KE,Kenya,2022,KE2022DHS,CH_DIFP_C_NUM,94136200,D,1000,0,Total,Total,14001,Five years preceding the survey,1,1,CHDIFPCNUM,,2022,DHS,,2637,,,
KEN,356578,Number of children born in the last five (or three) years who had diarrhea in the last two weeks (unweighted),2046,0,KE,Kenya,2022,KE2022DHS,CH_DIFP_C_UNW,94136210,U,1000,0,Total,Total,14000,Three years preceding the survey,1,0,CHDIFPCUNW,,2022,DHS,1872,,,,
KEN,166362,Number of children born in the last five (or three) years who had diarrhea in the last two weeks (unweighted),2637,0,KE,Kenya,2022,KE2022DHS,CH_DIFP_C_UNW,94136210,U,1000,0,Total,Total,14001,Five years preceding the survey,1,1,CHDIFPCUNW,,2022,DHS,2416,,,,
